{
  "type": "Feature",
  "properties": {
    "description": "CESSNA 172 Skyhawk",
    "icao": "a2fe86",
    "registration": "N292SP",
    "start_time": 1781279059.837,
    "type": "C172"
  },
  "geometry": {
    "type": "LineString",
    "coordinates": [
      [
        -74.29552459716797,
        39.90715026855469,
        1375
      ],
      [
        -74.2928466796875,
        39.908302307128906,
        1400
      ],
      [
        -74.28895568847656,
        39.910125732421875,
        1350
      ],
      [
        -74.28680419921875,
        39.91132736206055,
        1325
      ],
      [
        -74.2823257446289,
        39.9140625,
        1300
      ],
      [
        -74.276611328125,
        39.917564392089844,
        1225
      ],
      [
        -74.2719955444336,
        39.92051696777344,
        1225
      ],
      [
        -74.26824951171875,
        39.92298889160156,
        1125
      ],
      [
        -74.264404296875,
        39.9254150390625,
        1050
      ],
      [
        -74.26158905029297,
        39.92729568481445,
        1025
      ],
      [
        -74.26058959960938,
        39.92813491821289,
        1025
      ],
      [
        -74.260009765625,
        39.928802490234375,
        1000
      ],
      [
        -74.25946044921875,
        39.9295768737793,
        1000
      ],
      [
        -74.25914764404297,
        39.930274963378906,
        975
      ],
      [
        -74.25896453857422,
        39.93088150024414,
        975
      ],
      [
        -74.2589111328125,
        39.931640625,
        975
      ],
      [
        -74.25896453857422,
        39.93241500854492,
        975
      ],
      [
        -74.25914764404297,
        39.93320846557617,
        950
      ],
      [
        -74.2596435546875,
        39.93424987792969,
        950
      ],
      [
        -74.26008605957031,
        39.93516159057617,
        950
      ],
      [
        -74.26071166992188,
        39.93595504760742,
        975
      ],
      [
        -74.2615966796875,
        39.93695068359375,
        975
      ],
      [
        -74.2633056640625,
        39.9385986328125,
        925
      ],
      [
        -74.264404296875,
        39.93951416015625,
        900
      ],
      [
        -74.26526641845703,
        39.9400520324707,
        900
      ],
      [
        -74.26583099365234,
        39.940330505371094,
        875
      ],
      [
        -74.26654052734375,
        39.940521240234375,
        875
      ],
      [
        -74.26727294921875,
        39.94065856933594,
        825
      ],
      [
        -74.2686767578125,
        39.940704345703125,
        800
      ],
      [
        -74.2691650390625,
        39.94065856933594,
        800
      ],
      [
        -74.26982879638672,
        39.9405632019043,
        775
      ],
      [
        -74.270751953125,
        39.94029235839844,
        725
      ],
      [
        -74.27191162109375,
        39.93988037109375,
        675
      ],
      [
        -74.27423095703125,
        39.93882751464844,
        575
      ],
      [
        -74.27667236328125,
        39.93754577636719,
        525
      ],
      [
        -74.27812957763672,
        39.93665313720703,
        500
      ],
      [
        -74.2796859741211,
        39.93567657470703,
        450
      ],
      [
        -74.28193664550781,
        39.93423080444336,
        375
      ],
      [
        -74.29498291015625,
        39.92578125,
        475
      ],
      [
        -74.2972412109375,
        39.92431640625,
        575
      ],
      [
        -74.3001708984375,
        39.922359466552734,
        650
      ],
      [
        -74.3028564453125,
        39.920406341552734,
        725
      ],
      [
        -74.30513763427734,
        39.918731689453125,
        825
      ],
      [
        -74.306396484375,
        39.91775131225586,
        900
      ],
      [
        -74.30718994140625,
        39.91682052612305,
        950
      ],
      [
        -74.30743408203125,
        39.91630935668945,
        950
      ],
      [
        -74.3076400756836,
        39.91566467285156,
        975
      ],
      [
        -74.3077392578125,
        39.91510009765625,
        975
      ],
      [
        -74.3077621459961,
        39.914337158203125,
        975
      ],
      [
        -74.3076171875,
        39.91360855102539,
        1025
      ],
      [
        -74.307373046875,
        39.912818908691406,
        1025
      ],
      [
        -74.30680847167969,
        39.91191101074219,
        1050
      ],
      [
        -74.30609130859375,
        39.91100311279297,
        1100
      ],
      [
        -74.30477905273438,
        39.90966796875,
        1150
      ],
      [
        -74.30358123779297,
        39.90852355957031,
        1225
      ],
      [
        -74.30256652832031,
        39.9078369140625,
        1275
      ],
      [
        -74.3016357421875,
        39.907325744628906,
        1275
      ],
      [
        -74.30083465576172,
        39.90696716308594,
        1275
      ],
      [
        -74.2998046875,
        39.906673431396484,
        1300
      ],
      [
        -74.29838562011719,
        39.9063720703125,
        1300
      ],
      [
        -74.296875,
        39.90620803833008,
        1300
      ],
      [
        -74.29570007324219,
        39.90623474121094,
        1275
      ],
      [
        -74.29449462890625,
        39.906394958496094,
        1300
      ],
      [
        -74.2935791015625,
        39.9066276550293,
        1300
      ],
      [
        -74.29248046875,
        39.90699768066406,
        1300
      ],
      [
        -74.2914047241211,
        39.907562255859375,
        1300
      ],
      [
        -74.29003143310547,
        39.908477783203125,
        1275
      ],
      [
        -74.28638458251953,
        39.91099548339844,
        1250
      ],
      [
        -74.28047180175781,
        39.915252685546875,
        1200
      ],
      [
        -74.27655029296875,
        39.9180793762207,
        1125
      ],
      [
        -74.27264404296875,
        39.9207763671875,
        1200
      ],
      [
        -74.27093505859375,
        39.92198944091797,
        1150
      ],
      [
        -74.2703857421875,
        39.922393798828125,
        1125
      ],
      [
        -74.267822265625,
        39.92431640625,
        1025
      ],
      [
        -74.2645263671875,
        39.92683410644531,
        975
      ],
      [
        -74.2635498046875,
        39.92779541015625,
        975
      ],
      [
        -74.26283264160156,
        39.92873764038086,
        1000
      ],
      [
        -74.2626953125,
        39.92893981933594,
        1000
      ],
      [
        -74.26233673095703,
        39.9295768737793,
        1000
      ],
      [
        -74.261962890625,
        39.93072509765625,
        975
      ],
      [
        -74.26189422607422,
        39.93092727661133,
        975
      ],
      [
        -74.26177215576172,
        39.931671142578125,
        950
      ],
      [
        -74.2618408203125,
        39.93218994140625,
        925
      ],
      [
        -74.261962890625,
        39.93287658691406,
        925
      ],
      [
        -74.26220703125,
        39.93357849121094,
        900
      ],
      [
        -74.26245880126953,
        39.93404769897461,
        875
      ],
      [
        -74.262939453125,
        39.93470764160156,
        875
      ],
      [
        -74.26408386230469,
        39.936187744140625,
        825
      ],
      [
        -74.265380859375,
        39.93768310546875,
        800
      ],
      [
        -74.26605224609375,
        39.93827819824219,
        775
      ],
      [
        -74.2665786743164,
        39.93860626220703,
        750
      ],
      [
        -74.26714324951172,
        39.93888854980469,
        750
      ],
      [
        -74.26801300048828,
        39.93916702270508,
        725
      ],
      [
        -74.26863861083984,
        39.93925857543945,
        700
      ],
      [
        -74.26934814453125,
        39.93928527832031,
        700
      ],
      [
        -74.27001190185547,
        39.93925857543945,
        700
      ],
      [
        -74.27063751220703,
        39.93916702270508,
        700
      ],
      [
        -74.27166748046875,
        39.93891906738281,
        675
      ],
      [
        -74.2748794555664,
        39.938140869140625,
        625
      ],
      [
        -74.27587890625,
        39.93782043457031,
        625
      ],
      [
        -74.276611328125,
        39.9375,
        625
      ],
      [
        -74.2774429321289,
        39.93707275390625,
        600
      ],
      [
        -74.2795639038086,
        39.935813903808594,
        550
      ],
      [
        -74.28082275390625,
        39.93498229980469,
        450
      ],
      [
        -74.28256225585938,
        39.93381118774414,
        400
      ],
      [
        -74.28271484375,
        39.933746337890625,
        375
      ],
      [
        -74.29461669921875,
        39.92619323730469,
        475
      ],
      [
        -74.29666900634766,
        39.924922943115234,
        575
      ],
      [
        -74.2994155883789,
        39.92319869995117,
        650
      ],
      [
        -74.3011474609375,
        39.922035217285156,
        700
      ],
      [
        -74.30206298828125,
        39.92129135131836,
        725
      ],
      [
        -74.30291748046875,
        39.92045211791992,
        750
      ],
      [
        -74.30364990234375,
        39.91952133178711,
        775
      ],
      [
        -74.3038330078125,
        39.91914749145508,
        800
      ],
      [
        -74.3041763305664,
        39.91822814941406,
        825
      ],
      [
        -74.3043212890625,
        39.91742706298828,
        850
      ],
      [
        -74.3043212890625,
        39.91677474975586,
        850
      ],
      [
        -74.3041763305664,
        39.91593933105469,
        875
      ],
      [
        -74.30393981933594,
        39.91529846191406,
        900
      ],
      [
        -74.303466796875,
        39.91435241699219,
        950
      ],
      [
        -74.30286407470703,
        39.91355895996094,
        950
      ],
      [
        -74.30220794677734,
        39.912872314453125,
        975
      ],
      [
        -74.301025390625,
        39.911888122558594,
        1000
      ],
      [
        -74.2994613647461,
        39.91062927246094,
        1050
      ],
      [
        -74.29827117919922,
        39.90989685058594,
        1075
      ],
      [
        -74.2969970703125,
        39.90932846069336,
        1100
      ],
      [
        -74.29576110839844,
        39.90888977050781,
        1100
      ],
      [
        -74.29432678222656,
        39.9085693359375,
        1125
      ],
      [
        -74.293212890625,
        39.908443450927734,
        1150
      ],
      [
        -74.29193878173828,
        39.90838623046875,
        1175
      ],
      [
        -74.29056549072266,
        39.90852355957031,
        1200
      ],
      [
        -74.2894287109375,
        39.90875244140625,
        1200
      ],
      [
        -74.28805541992188,
        39.909210205078125,
        1225
      ],
      [
        -74.28704833984375,
        39.90965270996094,
        1225
      ],
      [
        -74.28533935546875,
        39.91062927246094,
        1200
      ],
      [
        -74.276123046875,
        39.91612243652344,
        1200
      ],
      [
        -74.2730712890625,
        39.91813659667969,
        1150
      ],
      [
        -74.26817321777344,
        39.92156982421875,
        1175
      ],
      [
        -74.26651763916016,
        39.922733306884766,
        1150
      ],
      [
        -74.26626586914062,
        39.92292022705078,
        1150
      ],
      [
        -74.2626953125,
        39.92559814453125,
        1075
      ],
      [
        -74.26002502441406,
        39.9276237487793,
        975
      ],
      [
        -74.25890350341797,
        39.928646087646484,
        950
      ],
      [
        -74.25814819335938,
        39.92953109741211,
        900
      ],
      [
        -74.25753021240234,
        39.93036651611328,
        900
      ],
      [
        -74.25701904296875,
        39.93150329589844,
        875
      ],
      [
        -74.25684356689453,
        39.93227767944336,
        850
      ],
      [
        -74.25677490234375,
        39.933197021484375,
        825
      ],
      [
        -74.25684356689453,
        39.93381118774414,
        825
      ],
      [
        -74.25689697265625,
        39.93397521972656,
        825
      ],
      [
        -74.25715637207031,
        39.934791564941406,
        825
      ],
      [
        -74.2575912475586,
        39.93585968017578,
        800
      ],
      [
        -74.25808715820312,
        39.936790466308594,
        800
      ],
      [
        -74.25877380371094,
        39.93777084350586,
        800
      ],
      [
        -74.2598876953125,
        39.93914794921875,
        750
      ],
      [
        -74.26102447509766,
        39.94037628173828,
        725
      ],
      [
        -74.2618408203125,
        39.94102478027344,
        725
      ],
      [
        -74.26251220703125,
        39.94148254394531,
        725
      ],
      [
        -74.26312255859375,
        39.94175720214844,
        725
      ],
      [
        -74.26373291015625,
        39.94194030761719,
        725
      ],
      [
        -74.264404296875,
        39.94207763671875,
        725
      ],
      [
        -74.26495361328125,
        39.942100524902344,
        725
      ],
      [
        -74.2657699584961,
        39.94214630126953,
        700
      ],
      [
        -74.26620483398438,
        39.942100524902344,
        675
      ],
      [
        -74.26751708984375,
        39.94194030761719,
        650
      ],
      [
        -74.268310546875,
        39.94175720214844,
        650
      ],
      [
        -74.26969909667969,
        39.94135665893555,
        625
      ],
      [
        -74.2713623046875,
        39.94084167480469,
        600
      ],
      [
        -74.2721939086914,
        39.94047164916992,
        575
      ],
      [
        -74.27313232421875,
        39.93986511230469,
        575
      ],
      [
        -74.27669525146484,
        39.93762969970703,
        500
      ],
      [
        -74.27837371826172,
        39.936561584472656,
        500
      ],
      [
        -74.2813720703125,
        39.93465042114258,
        425
      ],
      [
        -74.28192138671875,
        39.93424987792969,
        400
      ],
      [
        -74.2913589477539,
        39.92813491821289,
        425
      ],
      [
        -74.295166015625,
        39.92564392089844,
        525
      ],
      [
        -74.29828643798828,
        39.92333984375,
        625
      ],
      [
        -74.30029296875,
        39.921756744384766,
        675
      ],
      [
        -74.3006591796875,
        39.92133712768555,
        725
      ],
      [
        -74.30096435546875,
        39.92091751098633,
        750
      ],
      [
        -74.30125427246094,
        39.920379638671875,
        750
      ],
      [
        -74.30145263671875,
        39.9197998046875,
        800
      ],
      [
        -74.3016128540039,
        39.91905212402344,
        825
      ],
      [
        -74.301513671875,
        39.91789245605469,
        850
      ],
      [
        -74.30133056640625,
        39.917381286621094,
        875
      ],
      [
        -74.30095672607422,
        39.9166259765625,
        900
      ],
      [
        -74.30035400390625,
        39.91575241088867,
        925
      ],
      [
        -74.29964447021484,
        39.91502380371094,
        950
      ],
      [
        -74.29791259765625,
        39.91337585449219,
        975
      ],
      [
        -74.29693603515625,
        39.91263198852539,
        1000
      ],
      [
        -74.2959976196289,
        39.91209411621094,
        1025
      ],
      [
        -74.2950439453125,
        39.91170120239258,
        1050
      ],
      [
        -74.29367065429688,
        39.91131591796875,
        1075
      ],
      [
        -74.29229736328125,
        39.911048889160156,
        1075
      ],
      [
        -74.2911605834961,
        39.91094970703125,
        1100
      ],
      [
        -74.28997802734375,
        39.91100311279297,
        1100
      ],
      [
        -74.28865814208984,
        39.91117858886719,
        1125
      ],
      [
        -74.28753662109375,
        39.91142272949219,
        1125
      ],
      [
        -74.2862548828125,
        39.911888122558594,
        1150
      ],
      [
        -74.28411865234375,
        39.912818908691406,
        1200
      ],
      [
        -74.2774887084961,
        39.91566467285156,
        1225
      ],
      [
        -74.27587890625,
        39.91649627685547,
        1250
      ],
      [
        -74.27438354492188,
        39.91740417480469,
        1225
      ],
      [
        -74.27283477783203,
        39.91850280761719,
        1200
      ],
      [
        -74.2669677734375,
        39.922760009765625,
        1150
      ],
      [
        -74.26312255859375,
        39.9254150390625,
        1075
      ],
      [
        -74.25846099853516,
        39.92873764038086,
        1025
      ],
      [
        -74.25384521484375,
        39.93218231201172,
        975
      ],
      [
        -74.25079345703125,
        39.93470764160156,
        950
      ],
      [
        -74.24916076660156,
        39.93614196777344,
        950
      ],
      [
        -74.2484130859375,
        39.93697738647461,
        925
      ],
      [
        -74.24791717529297,
        39.93777084350586,
        950
      ],
      [
        -74.24760437011719,
        39.938514709472656,
        950
      ],
      [
        -74.2474365234375,
        39.93919372558594,
        950
      ],
      [
        -74.24749755859375,
        39.939788818359375,
        950
      ],
      [
        -74.24766540527344,
        39.940330505371094,
        950
      ],
      [
        -74.24778747558594,
        39.94065475463867,
        950
      ],
      [
        -74.248291015625,
        39.941307067871094,
        975
      ],
      [
        -74.24945068359375,
        39.94267272949219,
        1000
      ],
      [
        -74.2509765625,
        39.94424057006836,
        1000
      ],
      [
        -74.25164794921875,
        39.94482421875,
        975
      ],
      [
        -74.25238037109375,
        39.94532775878906,
        975
      ],
      [
        -74.25286865234375,
        39.945556640625,
        950
      ],
      [
        -74.25372314453125,
        39.94586944580078,
        950
      ],
      [
        -74.2545166015625,
        39.94606018066406,
        925
      ],
      [
        -74.25534057617188,
        39.946197509765625,
        925
      ],
      [
        -74.2569580078125,
        39.94633483886719,
        875
      ],
      [
        -74.25859069824219,
        39.946380615234375,
        825
      ],
      [
        -74.26019287109375,
        39.94633483886719,
        800
      ],
      [
        -74.2610855102539,
        39.946197509765625,
        775
      ],
      [
        -74.26251220703125,
        39.94587707519531,
        775
      ],
      [
        -74.2640380859375,
        39.94541931152344,
        750
      ],
      [
        -74.26507568359375,
        39.94500732421875,
        750
      ],
      [
        -74.26614379882812,
        39.94447326660156,
        750
      ],
      [
        -74.26788330078125,
        39.943359375,
        725
      ],
      [
        -74.27088928222656,
        39.94144821166992,
        650
      ],
      [
        -74.27338409423828,
        39.93986511230469,
        550
      ],
      [
        -74.27618408203125,
        39.93800354003906,
        475
      ],
      [
        -74.28125,
        39.93470764160156,
        400
      ],
      [
        -74.28204345703125,
        39.9342041015625,
        400
      ],
      [
        -74.2960205078125,
        39.92559814453125,
        575
      ],
      [
        -74.29791259765625,
        39.92427062988281,
        675
      ],
      [
        -74.29959869384766,
        39.923057556152344,
        775
      ],
      [
        -74.30169677734375,
        39.92129135131836,
        825
      ],
      [
        -74.30322265625,
        39.91989517211914,
        900
      ],
      [
        -74.30364990234375,
        39.91938018798828,
        925
      ],
      [
        -74.30401611328125,
        39.91886901855469,
        925
      ],
      [
        -74.30419921875,
        39.91840362548828,
        975
      ],
      [
        -74.30426025390625,
        39.917938232421875,
        975
      ],
      [
        -74.30426025390625,
        39.91742706298828,
        975
      ],
      [
        -74.30412292480469,
        39.91685485839844,
        1000
      ],
      [
        -74.3038330078125,
        39.91621780395508,
        1025
      ],
      [
        -74.303466796875,
        39.915618896484375,
        1025
      ],
      [
        -74.30303955078125,
        39.91514587402344,
        1050
      ],
      [
        -74.3023910522461,
        39.91447448730469,
        1025
      ],
      [
        -74.30126953125,
        39.9135627746582,
        1050
      ],
      [
        -74.29864501953125,
        39.911373138427734,
        1075
      ],
      [
        -74.29766845703125,
        39.91067886352539,
        1125
      ],
      [
        -74.29669189453125,
        39.91020965576172,
        1125
      ],
      [
        -74.295654296875,
        39.90983963012695,
        1175
      ],
      [
        -74.29474639892578,
        39.90966796875,
        1175
      ],
      [
        -74.29379272460938,
        39.90962219238281,
        1200
      ],
      [
        -74.29289245605469,
        39.90966796875,
        1200
      ],
      [
        -74.29187774658203,
        39.90985107421875,
        1225
      ],
      [
        -74.29107666015625,
        39.910118103027344,
        1225
      ],
      [
        -74.2896728515625,
        39.91072082519531,
        1225
      ],
      [
        -74.28758239746094,
        39.91181945800781,
        1200
      ],
      [
        -74.28447723388672,
        39.913604736328125,
        1200
      ],
      [
        -74.28179168701172,
        39.91534423828125,
        1200
      ],
      [
        -74.2786865234375,
        39.917659759521484,
        1225
      ],
      [
        -74.2767333984375,
        39.91919708251953,
        1175
      ],
      [
        -74.27372741699219,
        39.921661376953125,
        1150
      ],
      [
        -74.2698974609375,
        39.92491149902344,
        1125
      ],
      [
        -74.26663970947266,
        39.9276237487793,
        1100
      ],
      [
        -74.2632064819336,
        39.930694580078125,
        1075
      ],
      [
        -74.26129150390625,
        39.93255615234375,
        1075
      ],
      [
        -74.25802612304688,
        39.936092376708984,
        1000
      ],
      [
        -74.2564697265625,
        39.93800354003906,
        975
      ],
      [
        -74.25628662109375,
        39.938232421875,
        975
      ],
      [
        -74.25615692138672,
        39.93842315673828,
        975
      ],
      [
        -74.2557373046875,
        39.93919372558594,
        975
      ],
      [
        -74.25553131103516,
        39.93986511230469,
        1000
      ],
      [
        -74.25543212890625,
        39.94061279296875,
        975
      ],
      [
        -74.25543212890625,
        39.94075012207031,
        975
      ],
      [
        -74.2554702758789,
        39.9415397644043,
        925
      ],
      [
        -74.25567626953125,
        39.94212341308594,
        925
      ],
      [
        -74.25596618652344,
        39.94270324707031,
        900
      ],
      [
        -74.25604248046875,
        39.942901611328125,
        900
      ],
      [
        -74.2568359375,
        39.944000244140625,
        825
      ],
      [
        -74.25733947753906,
        39.944705963134766,
        825
      ],
      [
        -74.2574462890625,
        39.94486999511719,
        825
      ],
      [
        -74.25833892822266,
        39.94586944580078,
        825
      ],
      [
        -74.25884246826172,
        39.946380615234375,
        825
      ],
      [
        -74.25902557373047,
        39.9465217590332,
        825
      ],
      [
        -74.25933837890625,
        39.946754455566406,
        825
      ],
      [
        -74.25971221923828,
        39.946895599365234,
        850
      ],
      [
        -74.26025390625,
        39.94706726074219,
        875
      ],
      [
        -74.26090240478516,
        39.94712829589844,
        850
      ],
      [
        -74.26123046875,
        39.94715881347656,
        850
      ],
      [
        -74.26158905029297,
        39.947078704833984,
        825
      ],
      [
        -74.261962890625,
        39.94698715209961,
        825
      ],
      [
        -74.26227569580078,
        39.94684982299805,
        800
      ],
      [
        -74.26287841796875,
        39.94651794433594,
        775
      ],
      [
        -74.2630844116211,
        39.94643020629883,
        775
      ],
      [
        -74.2647705078125,
        39.94526672363281,
        700
      ],
      [
        -74.26495361328125,
        39.94514465332031,
        700
      ],
      [
        -74.26763916015625,
        39.94354248046875,
        650
      ],
      [
        -74.26969909667969,
        39.942378997802734,
        600
      ],
      [
        -74.27325439453125,
        39.93992614746094,
        525
      ],
      [
        -74.27801513671875,
        39.936859130859375,
        475
      ],
      [
        -74.2794189453125,
        39.93603515625,
        425
      ],
      [
        -74.28192138671875,
        39.93434143066406,
        400
      ],
      [
        -74.292724609375,
        39.927520751953125,
        425
      ],
      [
        -74.2960433959961,
        39.9255256652832,
        525
      ],
      [
        -74.298583984375,
        39.9239501953125,
        625
      ],
      [
        -74.30035400390625,
        39.922760009765625,
        675
      ],
      [
        -74.30279541015625,
        39.92091751098633,
        750
      ],
      [
        -74.30462646484375,
        39.919429779052734,
        825
      ],
      [
        -74.30584716796875,
        39.918357849121094,
        900
      ],
      [
        -74.30632781982422,
        39.917816162109375,
        925
      ],
      [
        -74.30668640136719,
        39.917266845703125,
        950
      ],
      [
        -74.3070068359375,
        39.91663360595703,
        1000
      ],
      [
        -74.30704498291016,
        39.916168212890625,
        1025
      ],
      [
        -74.3069839477539,
        39.91566467285156,
        1025
      ],
      [
        -74.3067626953125,
        39.914913177490234,
        1050
      ],
      [
        -74.30651092529297,
        39.91438293457031,
        1075
      ],
      [
        -74.3060302734375,
        39.91374969482422,
        1075
      ],
      [
        -74.3052978515625,
        39.91305160522461,
        1100
      ],
      [
        -74.30423736572266,
        39.9122314453125,
        1150
      ],
      [
        -74.30255126953125,
        39.911048889160156,
        1175
      ],
      [
        -74.300537109375,
        39.909793853759766,
        1200
      ],
      [
        -74.29791259765625,
        39.908443450927734,
        1250
      ],
      [
        -74.29583740234375,
        39.90746307373047,
        1275
      ],
      [
        -74.2947998046875,
        39.907047271728516,
        1275
      ],
      [
        -74.29379272460938,
        39.906829833984375,
        1275
      ],
      [
        -74.29259490966797,
        39.906646728515625,
        1275
      ],
      [
        -74.29144287109375,
        39.906673431396484,
        1275
      ],
      [
        -74.29026794433594,
        39.906829833984375,
        1275
      ],
      [
        -74.28912353515625,
        39.90713882446289,
        1275
      ],
      [
        -74.28802490234375,
        39.9076042175293,
        1275
      ],
      [
        -74.286865234375,
        39.908203125,
        1275
      ],
      [
        -74.285400390625,
        39.90918731689453,
        1275
      ],
      [
        -74.28292083740234,
        39.911041259765625,
        1250
      ],
      [
        -74.28095245361328,
        39.91273498535156,
        1250
      ],
      [
        -74.276611328125,
        39.916542053222656,
        1275
      ],
      [
        -74.27423095703125,
        39.91844940185547,
        1325
      ],
      [
        -74.27068328857422,
        39.92097473144531,
        1350
      ],
      [
        -74.2677001953125,
        39.92298889160156,
        1325
      ],
      [
        -74.2650146484375,
        39.924957275390625,
        1300
      ],
      [
        -74.26226806640625,
        39.92710876464844,
        1200
      ],
      [
        -74.2591552734375,
        39.92967224121094,
        1150
      ],
      [
        -74.2567138671875,
        39.93190383911133,
        1050
      ],
      [
        -74.25396728515625,
        39.934478759765625,
        975
      ],
      [
        -74.25341033935547,
        39.9350700378418,
        975
      ],
      [
        -74.25303649902344,
        39.935768127441406,
        975
      ],
      [
        -74.25272369384766,
        39.93642044067383,
        975
      ],
      [
        -74.25259399414062,
        39.9370231628418,
        1000
      ],
      [
        -74.2525634765625,
        39.9378662109375,
        1000
      ],
      [
        -74.25259399414062,
        39.93837356567383,
        975
      ],
      [
        -74.2527847290039,
        39.93907165527344,
        975
      ],
      [
        -74.2530517578125,
        39.93974304199219,
        950
      ],
      [
        -74.25353240966797,
        39.940704345703125,
        925
      ],
      [
        -74.25440979003906,
        39.942100524902344,
        875
      ],
      [
        -74.2557144165039,
        39.94396209716797,
        825
      ],
      [
        -74.2567138671875,
        39.94521713256836,
        800
      ],
      [
        -74.25727844238281,
        39.94572830200195,
        800
      ],
      [
        -74.25790405273438,
        39.946197509765625,
        775
      ],
      [
        -74.2583999633789,
        39.946380615234375,
        775
      ],
      [
        -74.25877380371094,
        39.946475982666016,
        775
      ],
      [
        -74.25921630859375,
        39.94656753540039,
        775
      ],
      [
        -74.25990295410156,
        39.94656753540039,
        750
      ],
      [
        -74.26092529296875,
        39.94647216796875,
        750
      ],
      [
        -74.26171112060547,
        39.94633483886719,
        725
      ],
      [
        -74.26264953613281,
        39.946102142333984,
        725
      ],
      [
        -74.263916015625,
        39.94569396972656,
        725
      ],
      [
        -74.26445770263672,
        39.94544982910156,
        700
      ],
      [
        -74.2659912109375,
        39.94464111328125,
        675
      ],
      [
        -74.26727294921875,
        39.943817138671875,
        625
      ],
      [
        -74.2698974609375,
        39.942169189453125,
        625
      ],
      [
        -74.272705078125,
        39.940521240234375,
        600
      ],
      [
        -74.27381896972656,
        39.93977355957031,
        550
      ],
      [
        -74.27750396728516,
        39.93721008300781,
        450
      ],
      [
        -74.27911376953125,
        39.93617248535156,
        425
      ],
      [
        -74.29290771484375,
        39.92747497558594,
        425
      ],
      [
        -74.29498291015625,
        39.92631912231445,
        525
      ],
      [
        -74.29741668701172,
        39.924781799316406,
        600
      ],
      [
        -74.29835510253906,
        39.92417526245117,
        625
      ],
      [
        -74.2999267578125,
        39.92308044433594,
        650
      ],
      [
        -74.30224609375,
        39.921382904052734,
        725
      ],
      [
        -74.3038330078125,
        39.920127868652344,
        825
      ],
      [
        -74.30584716796875,
        39.91840362548828,
        900
      ],
      [
        -74.30674743652344,
        39.91754150390625,
        950
      ],
      [
        -74.30728149414062,
        39.91685485839844,
        950
      ],
      [
        -74.30755615234375,
        39.91635513305664,
        975
      ],
      [
        -74.30767822265625,
        39.91579818725586,
        975
      ],
      [
        -74.3077392578125,
        39.91523742675781,
        1000
      ],
      [
        -74.3076400756836,
        39.91465759277344,
        1025
      ],
      [
        -74.30746459960938,
        39.91429138183594,
        1025
      ],
      [
        -74.30706787109375,
        39.91360855102539,
        1050
      ],
      [
        -74.30645751953125,
        39.912864685058594,
        1075
      ],
      [
        -74.305908203125,
        39.912445068359375,
        1100
      ],
      [
        -74.30471801757812,
        39.91163635253906,
        1100
      ],
      [
        -74.30224609375,
        39.91020965576172,
        1150
      ],
      [
        -74.3009033203125,
        39.90951156616211,
        1175
      ],
      [
        -74.29791259765625,
        39.9080696105957,
        1200
      ],
      [
        -74.2952880859375,
        39.906951904296875,
        1250
      ],
      [
        -74.2938232421875,
        39.906394958496094,
        1275
      ],
      [
        -74.29266357421875,
        39.90611267089844,
        1300
      ],
      [
        -74.29151916503906,
        39.906005859375,
        1350
      ],
      [
        -74.29058837890625,
        39.90606689453125,
        1350
      ],
      [
        -74.2896728515625,
        39.90618896484375,
        1350
      ],
      [
        -74.28877258300781,
        39.906463623046875,
        1375
      ],
      [
        -74.28817749023438,
        39.90669250488281,
        1350
      ],
      [
        -74.28728485107422,
        39.90724182128906,
        1375
      ],
      [
        -74.28662109375,
        39.90779113769531,
        1350
      ],
      [
        -74.28572845458984,
        39.908660888671875,
        1325
      ],
      [
        -74.2804183959961,
        39.91438293457031,
        1325
      ],
      [
        -74.27803039550781,
        39.916534423828125,
        1325
      ],
      [
        -74.275634765625,
        39.918731689453125,
        1275
      ],
      [
        -74.2703857421875,
        39.92329025268555,
        1225
      ],
      [
        -74.2666015625,
        39.926605224609375,
        1150
      ],
      [
        -74.26263427734375,
        39.93022155761719,
        1075
      ],
      [
        -74.25982666015625,
        39.932830810546875,
        975
      ],
      [
        -74.25738525390625,
        39.93516540527344,
        950
      ],
      [
        -74.256591796875,
        39.93589782714844,
        950
      ],
      [
        -74.25602722167969,
        39.93665313720703,
        925
      ],
      [
        -74.25567626953125,
        39.93717956542969,
        900
      ],
      [
        -74.2554702758789,
        39.93777084350586,
        900
      ],
      [
        -74.25527954101562,
        39.938514709472656,
        875
      ],
      [
        -74.25531005859375,
        39.939056396484375,
        850
      ],
      [
        -74.25537109375,
        39.939697265625,
        825
      ],
      [
        -74.25565338134766,
        39.94037628173828,
        825
      ],
      [
        -74.2559814453125,
        39.941162109375,
        825
      ],
      [
        -74.2564697265625,
        39.941986083984375,
        800
      ],
      [
        -74.25708770751953,
        39.942935943603516,
        775
      ],
      [
        -74.25802612304688,
        39.94409942626953,
        775
      ],
      [
        -74.25884246826172,
        39.94493865966797,
        775
      ],
      [
        -74.25952911376953,
        39.94544982910156,
        775
      ],
      [
        -74.2601318359375,
        39.94573974609375,
        750
      ],
      [
        -74.26065063476562,
        39.94591522216797,
        750
      ],
      [
        -74.2612075805664,
        39.94601058959961,
        750
      ],
      [
        -74.26171112060547,
        39.9460563659668,
        750
      ],
      [
        -74.26251983642578,
        39.9460563659668,
        750
      ],
      [
        -74.263427734375,
        39.9459228515625,
        725
      ],
      [
        -74.2640380859375,
        39.94573974609375,
        725
      ],
      [
        -74.26495361328125,
        39.945404052734375,
        700
      ],
      [
        -74.26551818847656,
        39.9450798034668,
        700
      ],
      [
        -74.2664566040039,
        39.94451904296875,
        675
      ],
      [
        -74.26812744140625,
        39.943359375,
        625
      ],
      [
        -74.27093505859375,
        39.9415283203125,
        600
      ],
      [
        -74.27450561523438,
        39.93925857543945,
        525
      ],
      [
        -74.27893829345703,
        39.93623352050781,
        450
      ],
      [
        -74.2802734375,
        39.935394287109375,
        400
      ],
      [
        -74.29559326171875,
        39.92573547363281,
        450
      ],
      [
        -74.29791259765625,
        39.92431640625,
        550
      ],
      [
        -74.2994155883789,
        39.92329025268555,
        600
      ],
      [
        -74.30095672607422,
        39.922119140625,
        650
      ],
      [
        -74.3037109375,
        39.92007827758789,
        750
      ],
      [
        -74.30523681640625,
        39.919010162353516,
        825
      ],
      [
        -74.30656433105469,
        39.91795349121094,
        850
      ],
      [
        -74.30718994140625,
        39.917240142822266,
        875
      ],
      [
        -74.3076171875,
        39.91663360595703,
        900
      ],
      [
        -74.3078842163086,
        39.91603088378906,
        925
      ],
      [
        -74.30799865722656,
        39.91534423828125,
        950
      ],
      [
        -74.3079833984375,
        39.91495895385742,
        950
      ],
      [
        -74.30792236328125,
        39.9145393371582,
        950
      ],
      [
        -74.30752563476562,
        39.91355895996094,
        975
      ],
      [
        -74.30716705322266,
        39.913055419921875,
        1025
      ],
      [
        -74.30644989013672,
        39.91236877441406,
        1025
      ],
      [
        -74.30567169189453,
        39.91172790527344,
        1050
      ],
      [
        -74.304443359375,
        39.910770416259766,
        1150
      ],
      [
        -74.30250549316406,
        39.90925598144531,
        1250
      ],
      [
        -74.30047607421875,
        39.90779113769531,
        1300
      ],
      [
        -74.29904174804688,
        39.90687561035156,
        1300
      ],
      [
        -74.29749298095703,
        39.906005859375,
        1300
      ],
      [
        -74.29725646972656,
        39.90586853027344,
        1300
      ],
      [
        -74.296630859375,
        39.905555725097656,
        1300
      ],
      [
        -74.29576110839844,
        39.90513610839844,
        1300
      ],
      [
        -74.29444885253906,
        39.904541015625,
        1275
      ],
      [
        -74.2933120727539,
        39.9041748046875,
        1225
      ],
      [
        -74.292236328125,
        39.90397262573242,
        1200
      ],
      [
        -74.2911605834961,
        39.903900146484375,
        1150
      ],
      [
        -74.29068756103516,
        39.90394592285156,
        1125
      ],
      [
        -74.29010009765625,
        39.90401840209961,
        1100
      ],
      [
        -74.28936767578125,
        39.90425109863281,
        1075
      ],
      [
        -74.28883361816406,
        39.904449462890625,
        1075
      ],
      [
        -74.287841796875,
        39.904903411865234,
        1025
      ],
      [
        -74.2867431640625,
        39.90559387207031,
        975
      ],
      [
        -74.28570556640625,
        39.906394958496094,
        925
      ],
      [
        -74.284912109375,
        39.90727615356445,
        900
      ],
      [
        -74.28429412841797,
        39.908111572265625,
        875
      ],
      [
        -74.2838134765625,
        39.90890884399414,
        850
      ],
      [
        -74.28350830078125,
        39.90988540649414,
        800
      ],
      [
        -74.2833251953125,
        39.91058349609375,
        775
      ],
      [
        -74.2833251953125,
        39.91142272949219,
        775
      ],
      [
        -74.283447265625,
        39.912166595458984,
        750
      ],
      [
        -74.28369140625,
        39.91300582885742,
        725
      ],
      [
        -74.283935546875,
        39.91351318359375,
        700
      ],
      [
        -74.2843017578125,
        39.91398239135742,
        700
      ],
      [
        -74.28485107421875,
        39.9145393371582,
        675
      ],
      [
        -74.28546142578125,
        39.91500473022461,
        650
      ],
      [
        -74.28638458251953,
        39.91566467285156,
        600
      ],
      [
        -74.28759765625,
        39.91635513305664,
        575
      ],
      [
        -74.2896728515625,
        39.91740417480469,
        525
      ],
      [
        -74.29176330566406,
        39.91850280761719,
        425
      ],
      [
        -74.29315185546875,
        39.919288635253906,
        400
      ],
      [
        -74.3060302734375,
        39.927154541015625,
        450
      ],
      [
        -74.30809020996094,
        39.928646087646484,
        550
      ],
      [
        -74.30989837646484,
        39.92976379394531,
        600
      ],
      [
        -74.31103515625,
        39.93031311035156,
        650
      ],
      [
        -74.31170654296875,
        39.9305419921875,
        675
      ],
      [
        -74.31233215332031,
        39.93064880371094,
        700
      ],
      [
        -74.31304931640625,
        39.93067932128906,
        700
      ],
      [
        -74.31352233886719,
        39.93064880371094,
        725
      ],
      [
        -74.31407928466797,
        39.93046188354492,
        750
      ],
      [
        -74.31458282470703,
        39.930274963378906,
        775
      ],
      [
        -74.31488037109375,
        39.93003845214844,
        800
      ],
      [
        -74.31536865234375,
        39.92967224121094,
        800
      ],
      [
        -74.3157958984375,
        39.92921447753906,
        825
      ],
      [
        -74.31652069091797,
        39.928321838378906,
        875
      ],
      [
        -74.31695556640625,
        39.927528381347656,
        925
      ],
      [
        -74.317138671875,
        39.92706298828125,
        950
      ],
      [
        -74.31726837158203,
        39.92641067504883,
        975
      ],
      [
        -74.3172607421875,
        39.92573547363281,
        1000
      ],
      [
        -74.317138671875,
        39.92510986328125,
        1000
      ],
      [
        -74.31695556640625,
        39.9246826171875,
        1000
      ],
      [
        -74.31682586669922,
        39.92436218261719,
        1000
      ],
      [
        -74.31634521484375,
        39.92362976074219,
        1000
      ],
      [
        -74.315673828125,
        39.922943115234375,
        1000
      ],
      [
        -74.31498718261719,
        39.9224853515625,
        1000
      ],
      [
        -74.3140869140625,
        39.92198944091797,
        1000
      ],
      [
        -74.3114013671875,
        39.92047119140625,
        1050
      ],
      [
        -74.31015014648438,
        39.91969299316406,
        1125
      ],
      [
        -74.3072509765625,
        39.91789245605469,
        1225
      ],
      [
        -74.3062744140625,
        39.91728591918945,
        1225
      ],
      [
        -74.30435943603516,
        39.91621398925781,
        1250
      ],
      [
        -74.30119323730469,
        39.91461181640625,
        1300
      ],
      [
        -74.29779052734375,
        39.91291809082031,
        1400
      ],
      [
        -74.2952880859375,
        39.91179275512695,
        1450
      ],
      [
        -74.29020690917969,
        39.90971374511719,
        1450
      ],
      [
        -74.28919219970703,
        39.909393310546875,
        1450
      ],
      [
        -74.2877197265625,
        39.9090461730957,
        1450
      ],
      [
        -74.28668212890625,
        39.908935546875,
        1450
      ],
      [
        -74.28564453125,
        39.90895462036133,
        1450
      ],
      [
        -74.28453826904297,
        39.909027099609375,
        1450
      ],
      [
        -74.28289794921875,
        39.90951156616211,
        1450
      ],
      [
        -74.28196716308594,
        39.90989685058594,
        1450
      ],
      [
        -74.28071594238281,
        39.91062927246094,
        1450
      ],
      [
        -74.27898406982422,
        39.911773681640625,
        1425
      ],
      [
        -74.27497863769531,
        39.914703369140625,
        1350
      ],
      [
        -74.27116394042969,
        39.917724609375,
        1300
      ],
      [
        -74.26898193359375,
        39.91966247558594,
        1300
      ],
      [
        -74.26776123046875,
        39.9207763671875,
        1300
      ],
      [
        -74.266845703125,
        39.92156982421875,
        1325
      ],
      [
        -74.26557922363281,
        39.92268753051758,
        1325
      ],
      [
        -74.26445770263672,
        39.92361831665039,
        1300
      ],
      [
        -74.26324462890625,
        39.92463684082031,
        1275
      ],
      [
        -74.26102447509766,
        39.9265022277832,
        1175
      ],
      [
        -74.25848388671875,
        39.92884826660156,
        1100
      ],
      [
        -74.25665283203125,
        39.93074035644531,
        1050
      ],
      [
        -74.2547836303711,
        39.93283462524414,
        1025
      ],
      [
        -74.25360107421875,
        39.93443298339844,
        975
      ],
      [
        -74.25309753417969,
        39.935302734375,
        950
      ],
      [
        -74.25284576416016,
        39.935909271240234,
        950
      ],
      [
        -74.25272369384766,
        39.936561584472656,
        950
      ],
      [
        -74.25274658203125,
        39.93708801269531,
        950
      ],
      [
        -74.25286865234375,
        39.93772888183594,
        950
      ],
      [
        -74.253173828125,
        39.93841552734375,
        950
      ],
      [
        -74.25359344482422,
        39.93907165527344,
        925
      ],
      [
        -74.25453186035156,
        39.94037628173828,
        875
      ],
      [
        -74.25578308105469,
        39.94186782836914,
        825
      ],
      [
        -74.25714111328125,
        39.94322204589844,
        850
      ],
      [
        -74.25872802734375,
        39.944732666015625,
        925
      ],
      [
        -74.25933837890625,
        39.94526672363281,
        925
      ],
      [
        -74.26014709472656,
        39.945823669433594,
        950
      ],
      [
        -74.2606201171875,
        39.94606018066406,
        950
      ],
      [
        -74.26104736328125,
        39.946197509765625,
        950
      ],
      [
        -74.2615966796875,
        39.94624328613281,
        950
      ],
      [
        -74.26214599609375,
        39.94624328613281,
        975
      ],
      [
        -74.26271057128906,
        39.94614791870117,
        950
      ],
      [
        -74.26351928710938,
        39.94596481323242,
        925
      ],
      [
        -74.26445770263672,
        39.945682525634766,
        900
      ],
      [
        -74.2652587890625,
        39.945281982421875,
        900
      ],
      [
        -74.26620483398438,
        39.94475173950195,
        875
      ],
      [
        -74.26837158203125,
        39.943359375,
        800
      ],
      [
        -74.26969909667969,
        39.94247055053711,
        725
      ],
      [
        -74.27056884765625,
        39.941802978515625,
        625
      ],
      [
        -74.272705078125,
        39.94029235839844,
        575
      ],
      [
        -74.27484130859375,
        39.938873291015625,
        550
      ],
      [
        -74.27706909179688,
        39.937442779541016,
        475
      ],
      [
        -74.27880859375,
        39.9364013671875,
        450
      ],
      [
        -74.27974700927734,
        39.93572235107422,
        425
      ],
      [
        -74.29679107666016,
        39.9245491027832,
        500
      ],
      [
        -74.2987060546875,
        39.923309326171875,
        600
      ],
      [
        -74.3001708984375,
        39.92222213745117,
        675
      ],
      [
        -74.30133056640625,
        39.92133712768555,
        750
      ],
      [
        -74.3026123046875,
        39.92036056518555,
        825
      ],
      [
        -74.30459594726562,
        39.91868591308594,
        925
      ],
      [
        -74.30554962158203,
        39.91777038574219,
        950
      ],
      [
        -74.305908203125,
        39.9173583984375,
        975
      ],
      [
        -74.30620574951172,
        39.916900634765625,
        975
      ],
      [
        -74.306396484375,
        39.916404724121094,
        1000
      ],
      [
        -74.30645751953125,
        39.91584396362305,
        1000
      ],
      [
        -74.30644989013672,
        39.91529846191406,
        1000
      ],
      [
        -74.3062744140625,
        39.914772033691406,
        1000
      ],
      [
        -74.30596923828125,
        39.91402816772461,
        1025
      ],
      [
        -74.3055419921875,
        39.91347122192383,
        1025
      ],
      [
        -74.30499267578125,
        39.91295623779297,
        1025
      ],
      [
        -74.30412292480469,
        39.91227722167969,
        1025
      ],
      [
        -74.30286407470703,
        39.9114990234375,
        1050
      ],
      [
        -74.300537109375,
        39.910072326660156,
        1150
      ],
      [
        -74.29725646972656,
        39.908203125,
        1225
      ],
      [
        -74.29571533203125,
        39.907371520996094,
        1225
      ],
      [
        -74.29400634765625,
        39.90658187866211,
        1200
      ],
      [
        -74.2928466796875,
        39.906253814697266,
        1200
      ],
      [
        -74.29193115234375,
        39.90606689453125,
        1225
      ],
      [
        -74.29107666015625,
        39.90602111816406,
        1225
      ],
      [
        -74.29014587402344,
        39.90605163574219,
        1225
      ],
      [
        -74.28919219970703,
        39.906280517578125,
        1225
      ],
      [
        -74.288330078125,
        39.90658187866211,
        1225
      ],
      [
        -74.28733825683594,
        39.90705871582031,
        1200
      ],
      [
        -74.2855224609375,
        39.90816116333008,
        1175
      ],
      [
        -74.28202819824219,
        39.91058349609375,
        1200
      ],
      [
        -74.27874755859375,
        39.913055419921875,
        1225
      ],
      [
        -74.27533721923828,
        39.9158935546875,
        1250
      ],
      [
        -74.26841735839844,
        39.92193603515625,
        1275
      ],
      [
        -74.2667236328125,
        39.923309326171875,
        1250
      ],
      [
        -74.26383209228516,
        39.92585372924805,
        1225
      ],
      [
        -74.2620849609375,
        39.9276123046875,
        1200
      ],
      [
        -74.25971221923828,
        39.9300422668457,
        1100
      ],
      [
        -74.25787353515625,
        39.932098388671875,
        1050
      ],
      [
        -74.2554702758789,
        39.934837341308594,
        950
      ],
      [
        -74.2547836303711,
        39.93572235107422,
        950
      ],
      [
        -74.2545166015625,
        39.93617248535156,
        925
      ],
      [
        -74.25421142578125,
        39.9371337890625,
        925
      ],
      [
        -74.25415802001953,
        39.937538146972656,
        925
      ],
      [
        -74.25421905517578,
        39.938140869140625,
        925
      ],
      [
        -74.25440979003906,
        39.938655853271484,
        925
      ],
      [
        -74.25482177734375,
        39.93937683105469,
        925
      ],
      [
        -74.25537109375,
        39.94020080566406,
        900
      ],
      [
        -74.25640869140625,
        39.94135665893555,
        850
      ],
      [
        -74.25836181640625,
        39.943359375,
        825
      ],
      [
        -74.25872802734375,
        39.9437255859375,
        825
      ],
      [
        -74.2593994140625,
        39.944366455078125,
        825
      ],
      [
        -74.26021575927734,
        39.944984436035156,
        800
      ],
      [
        -74.26080322265625,
        39.94532775878906,
        800
      ],
      [
        -74.26152038574219,
        39.94559097290039,
        750
      ],
      [
        -74.26190185546875,
        39.945648193359375,
        750
      ],
      [
        -74.26251983642578,
        39.94572830200195,
        750
      ],
      [
        -74.26326751708984,
        39.94572830200195,
        725
      ],
      [
        -74.263916015625,
        39.945648193359375,
        725
      ],
      [
        -74.26445770263672,
        39.945499420166016,
        725
      ],
      [
        -74.264892578125,
        39.94532775878906,
        700
      ],
      [
        -74.26570129394531,
        39.94489288330078,
        700
      ],
      [
        -74.2679443359375,
        39.94349670410156,
        600
      ],
      [
        -74.26932525634766,
        39.94256591796875,
        575
      ],
      [
        -74.270263671875,
        39.94189453125,
        550
      ],
      [
        -74.27338409423828,
        39.93986511230469,
        525
      ],
      [
        -74.27931213378906,
        39.9360466003418,
        475
      ],
      [
        -74.28156280517578,
        39.93450927734375,
        425
      ],
      [
        -74.30297088623047,
        39.92487335205078,
        225
      ],
      [
        -74.30426025390625,
        39.92564392089844,
        300
      ],
      [
        -74.30671691894531,
        39.92692184448242,
        375
      ],
      [
        -74.30908966064453,
        39.92813491821289,
        425
      ],
      [
        -74.31021118164062,
        39.92878341674805,
        450
      ],
      [
        -74.31033325195312,
        39.9288330078125,
        450
      ],
      [
        -74.3126220703125,
        39.930084228515625,
        500
      ],
      [
        -74.31358337402344,
        39.93050765991211,
        550
      ],
      [
        -74.314697265625,
        39.930816650390625,
        575
      ],
      [
        -74.31573486328125,
        39.930999755859375,
        600
      ],
      [
        -74.3165283203125,
        39.93104553222656,
        625
      ],
      [
        -74.31732177734375,
        39.930999755859375,
        650
      ],
      [
        -74.31829833984375,
        39.930816650390625,
        675
      ],
      [
        -74.31915283203125,
        39.93058776855469,
        700
      ],
      [
        -74.32007598876953,
        39.93018341064453,
        750
      ],
      [
        -74.32098388671875,
        39.92976379394531,
        775
      ],
      [
        -74.32200622558594,
        39.929203033447266,
        800
      ],
      [
        -74.32281494140625,
        39.928619384765625,
        825
      ],
      [
        -74.32357025146484,
        39.92790222167969,
        850
      ],
      [
        -74.3245849609375,
        39.926788330078125,
        875
      ],
      [
        -74.32506561279297,
        39.92608642578125,
        875
      ],
      [
        -74.32537841796875,
        39.925479888916016,
        900
      ],
      [
        -74.32550048828125,
        39.92500305175781,
        900
      ],
      [
        -74.32569122314453,
        39.9240837097168,
        925
      ],
      [
        -74.32568359375,
        39.923583984375,
        925
      ],
      [
        -74.32563018798828,
        39.922733306884766,
        950
      ],
      [
        -74.32537841796875,
        39.922035217285156,
        975
      ],
      [
        -74.32513427734375,
        39.92143249511719,
        975
      ],
      [
        -74.32464599609375,
        39.92063903808594,
        1000
      ],
      [
        -74.32403564453125,
        39.91994094848633,
        1025
      ],
      [
        -74.322509765625,
        39.918548583984375,
        1050
      ],
      [
        -74.32080078125,
        39.91705322265625,
        1025
      ],
      [
        -74.32025146484375,
        39.916587829589844,
        1025
      ],
      [
        -74.31640625,
        39.91347122192383,
        1000
      ],
      [
        -74.31110382080078,
        39.90953063964844,
        1050
      ],
      [
        -74.30860137939453,
        39.907470703125,
        1125
      ],
      [
        -74.30692291259766,
        39.906005859375,
        1150
      ],
      [
        -74.30450439453125,
        39.903785705566406,
        1100
      ],
      [
        -74.30267333984375,
        39.90220260620117,
        1025
      ],
      [
        -74.30131530761719,
        39.901153564453125,
        1000
      ],
      [
        -74.30084228515625,
        39.90080642700195,
        1000
      ],
      [
        -74.300537109375,
        39.900604248046875,
        975
      ],
      [
        -74.29931640625,
        39.89987564086914,
        950
      ],
      [
        -74.29821014404297,
        39.89936828613281,
        925
      ],
      [
        -74.2977294921875,
        39.89923095703125,
        925
      ],
      [
        -74.29707336425781,
        39.89909362792969,
        900
      ],
      [
        -74.29595947265625,
        39.89894485473633,
        875
      ],
      [
        -74.29540252685547,
        39.898956298828125,
        850
      ],
      [
        -74.29450988769531,
        39.8990478515625,
        825
      ],
      [
        -74.29360961914062,
        39.89923095703125,
        800
      ],
      [
        -74.29266357421875,
        39.89959716796875,
        750
      ],
      [
        -74.2918701171875,
        39.90001678466797,
        725
      ],
      [
        -74.29080200195312,
        39.900604248046875,
        700
      ],
      [
        -74.29014587402344,
        39.90110778808594,
        700
      ],
      [
        -74.2900390625,
        39.90122604370117,
        700
      ],
      [
        -74.288818359375,
        39.902156829833984,
        675
      ],
      [
        -74.2882080078125,
        39.902809143066406,
        675
      ],
      [
        -74.28680419921875,
        39.90434646606445,
        650
      ],
      [
        -74.2857894897461,
        39.90568542480469,
        650
      ],
      [
        -74.28495025634766,
        39.90687561035156,
        650
      ],
      [
        -74.28435516357422,
        39.90788269042969,
        650
      ],
      [
        -74.28382110595703,
        39.909027099609375,
        625
      ],
      [
        -74.28363037109375,
        39.90974426269531,
        600
      ],
      [
        -74.28346252441406,
        39.910491943359375,
        600
      ],
      [
        -74.283447265625,
        39.911373138427734,
        575
      ],
      [
        -74.28363037109375,
        39.91183853149414,
        575
      ],
      [
        -74.28387451171875,
        39.91241455078125,
        550
      ],
      [
        -74.2843017578125,
        39.91305160522461,
        525
      ],
      [
        -74.28485107421875,
        39.91374969482422,
        500
      ],
      [
        -74.28558349609375,
        39.91440200805664,
        450
      ],
      [
        -74.28620910644531,
        39.91484069824219,
        450
      ],
      [
        -74.28697967529297,
        39.915252685546875,
        425
      ],
      [
        -74.289306640625,
        39.91663360595703,
        350
      ],
      [
        -74.2907485961914,
        39.91758728027344,
        300
      ],
      [
        -74.30110168457031,
        39.923805236816406,
        175
      ],
      [
        -74.30291748046875,
        39.92486572265625,
        275
      ],
      [
        -74.30377197265625,
        39.925323486328125,
        300
      ],
      [
        -74.30584716796875,
        39.92628479003906,
        375
      ],
      [
        -74.30755615234375,
        39.92710876464844,
        475
      ],
      [
        -74.30859375,
        39.92771530151367,
        500
      ],
      [
        -74.30989837646484,
        39.92845916748047,
        525
      ],
      [
        -74.3109130859375,
        39.92912292480469,
        550
      ],
      [
        -74.3132095336914,
        39.93064880371094,
        575
      ],
      [
        -74.31407928466797,
        39.931114196777344,
        600
      ],
      [
        -74.31489562988281,
        39.931392669677734,
        625
      ],
      [
        -74.3161392211914,
        39.93171691894531,
        650
      ],
      [
        -74.31689453125,
        39.93182373046875,
        675
      ],
      [
        -74.3181381225586,
        39.93190383911133,
        700
      ],
      [
        -74.3197021484375,
        39.93186950683594,
        725
      ],
      [
        -74.32098388671875,
        39.93168640136719,
        750
      ],
      [
        -74.32225799560547,
        39.93143844604492,
        775
      ],
      [
        -74.32318115234375,
        39.93109130859375,
        800
      ],
      [
        -74.32415771484375,
        39.93067932128906,
        825
      ],
      [
        -74.32525634765625,
        39.929996490478516,
        850
      ],
      [
        -74.3270263671875,
        39.92866516113281,
        900
      ],
      [
        -74.32879638671875,
        39.92729187011719,
        925
      ],
      [
        -74.32937622070312,
        39.92668914794922,
        950
      ],
      [
        -74.32994079589844,
        39.92594528198242,
        975
      ],
      [
        -74.33043670654297,
        39.92496871948242,
        1000
      ],
      [
        -74.330810546875,
        39.92389678955078,
        1000
      ],
      [
        -74.33100128173828,
        39.9231071472168,
        1025
      ],
      [
        -74.33098602294922,
        39.92179870605469,
        1025
      ],
      [
        -74.330810546875,
        39.92088317871094,
        1075
      ],
      [
        -74.3304443359375,
        39.91989517211914,
        1100
      ],
      [
        -74.329833984375,
        39.9188232421875,
        1125
      ],
      [
        -74.32901763916016,
        39.917724609375,
        1125
      ],
      [
        -74.32722473144531,
        39.915618896484375,
        1150
      ],
      [
        -74.3267822265625,
        39.91514587402344,
        1150
      ],
      [
        -74.32666015625,
        39.91495895385742,
        1150
      ],
      [
        -74.32489776611328,
        39.91314697265625,
        1125
      ],
      [
        -74.3237075805664,
        39.91209411621094,
        1125
      ],
      [
        -74.32110595703125,
        39.91002655029297,
        1100
      ],
      [
        -74.31761169433594,
        39.90733337402344,
        1075
      ],
      [
        -74.31636047363281,
        39.90632629394531,
        1050
      ],
      [
        -74.31331634521484,
        39.90394592285156,
        975
      ],
      [
        -74.31011962890625,
        39.901458740234375,
        900
      ],
      [
        -74.30812072753906,
        39.90000915527344,
        850
      ],
      [
        -74.30731201171875,
        39.899505615234375,
        825
      ],
      [
        -74.30633544921875,
        39.899131774902344,
        825
      ],
      [
        -74.30543518066406,
        39.89881896972656,
        800
      ],
      [
        -74.30426025390625,
        39.89857482910156,
        800
      ],
      [
        -74.30316162109375,
        39.89852523803711,
        775
      ],
      [
        -74.30244445800781,
        39.898590087890625,
        775
      ],
      [
        -74.30126953125,
        39.898807525634766,
        775
      ],
      [
        -74.30030059814453,
        39.8990478515625,
        750
      ],
      [
        -74.29925537109375,
        39.89945983886719,
        725
      ],
      [
        -74.29803466796875,
        39.90001678466797,
        700
      ],
      [
        -74.29695129394531,
        39.900604248046875,
        675
      ],
      [
        -74.29540252685547,
        39.90156555175781,
        650
      ],
      [
        -74.29388427734375,
        39.902671813964844,
        600
      ],
      [
        -74.291748046875,
        39.90434646606445,
        575
      ],
      [
        -74.29008483886719,
        39.905731201171875,
        550
      ],
      [
        -74.28871154785156,
        39.907012939453125,
        550
      ],
      [
        -74.28739929199219,
        39.90834045410156,
        525
      ],
      [
        -74.28680419921875,
        39.909095764160156,
        500
      ],
      [
        -74.28644561767578,
        39.90966796875,
        475
      ],
      [
        -74.28620910644531,
        39.91017150878906,
        450
      ],
      [
        -74.28607177734375,
        39.91058349609375,
        425
      ],
      [
        -74.28596496582031,
        39.91127014160156,
        425
      ],
      [
        -74.2859115600586,
        39.911956787109375,
        400
      ],
      [
        -74.2860107421875,
        39.9125862121582,
        375
      ],
      [
        -74.2862548828125,
        39.913421630859375,
        375
      ],
      [
        -74.28644561767578,
        39.913970947265625,
        375
      ],
      [
        -74.2869873046875,
        39.914772033691406,
        375
      ],
      [
        -74.28746032714844,
        39.91534423828125,
        350
      ],
      [
        -74.28817749023438,
        39.91593933105469,
        325
      ],
      [
        -74.28877258300781,
        39.916351318359375,
        300
      ],
      [
        -74.28990936279297,
        39.91703796386719,
        275
      ],
      [
        -74.30255126953125,
        39.92472839355469,
        200
      ],
      [
        -74.3044662475586,
        39.92594528198242,
        275
      ],
      [
        -74.30653381347656,
        39.92720413208008,
        350
      ],
      [
        -74.30670166015625,
        39.92729187011719,
        350
      ],
      [
        -74.30821228027344,
        39.92813491821289,
        375
      ],
      [
        -74.31095886230469,
        39.92966842651367,
        450
      ],
      [
        -74.31208801269531,
        39.93018341064453,
        500
      ],
      [
        -74.31292724609375,
        39.930450439453125,
        525
      ],
      [
        -74.31383514404297,
        39.93064880371094,
        525
      ],
      [
        -74.3148193359375,
        39.93072509765625,
        550
      ],
      [
        -74.31570434570312,
        39.930694580078125,
        550
      ],
      [
        -74.31695556640625,
        39.9305419921875,
        575
      ],
      [
        -74.31781005859375,
        39.93035888671875,
        600
      ],
      [
        -74.3188247680664,
        39.93008804321289,
        625
      ],
      [
        -74.3199462890625,
        39.92958068847656,
        625
      ],
      [
        -74.32101440429688,
        39.92901611328125,
        675
      ],
      [
        -74.32232666015625,
        39.92820739746094,
        700
      ],
      [
        -74.32382202148438,
        39.92706298828125,
        750
      ],
      [
        -74.32444763183594,
        39.92641067504883,
        775
      ],
      [
        -74.32500457763672,
        39.9255256652832,
        800
      ],
      [
        -74.3253173828125,
        39.92472839355469,
        825
      ],
      [
        -74.3255615234375,
        39.92399597167969,
        825
      ],
      [
        -74.32562255859375,
        39.922760009765625,
        850
      ],
      [
        -74.3255615234375,
        39.92194366455078,
        850
      ],
      [
        -74.3253173828125,
        39.92087173461914,
        875
      ],
      [
        -74.32489013671875,
        39.9197998046875,
        875
      ],
      [
        -74.3243637084961,
        39.91886901855469,
        900
      ],
      [
        -74.3236083984375,
        39.9178466796875,
        900
      ],
      [
        -74.322265625,
        39.91645050048828,
        925
      ],
      [
        -74.3207778930664,
        39.915069580078125,
        975
      ],
      [
        -74.317138671875,
        39.91218566894531,
        1050
      ],
      [
        -74.31301879882812,
        39.90870666503906,
        1125
      ],
      [
        -74.31060791015625,
        39.90681457519531,
        1150
      ],
      [
        -74.30937194824219,
        39.90586853027344,
        1125
      ],
      [
        -74.30914306640625,
        39.905696868896484,
        1125
      ],
      [
        -74.305908203125,
        39.903228759765625,
        1050
      ],
      [
        -74.30298614501953,
        39.90110778808594,
        950
      ],
      [
        -74.30178833007812,
        39.90032958984375,
        900
      ],
      [
        -74.301025390625,
        39.89997100830078,
        875
      ],
      [
        -74.300048828125,
        39.89964294433594,
        850
      ],
      [
        -74.29925537109375,
        39.89945983886719,
        825
      ],
      [
        -74.29844665527344,
        39.8994140625,
        825
      ],
      [
        -74.29742431640625,
        39.89945983886719,
        825
      ],
      [
        -74.29647827148438,
        39.89959716796875,
        800
      ],
      [
        -74.29571533203125,
        39.89987564086914,
        825
      ],
      [
        -74.29510498046875,
        39.900108337402344,
        800
      ],
      [
        -74.29412841796875,
        39.90061950683594,
        775
      ],
      [
        -74.29229736328125,
        39.901737213134766,
        750
      ],
      [
        -74.29122161865234,
        39.902435302734375,
        750
      ],
      [
        -74.291015625,
        39.902530670166016,
        750
      ],
      [
        -74.2896728515625,
        39.9034423828125,
        725
      ],
      [
        -74.288330078125,
        39.90453338623047,
        675
      ],
      [
        -74.287109375,
        39.905601501464844,
        675
      ],
      [
        -74.2857666015625,
        39.90699768066406,
        625
      ],
      [
        -74.28471374511719,
        39.90838623046875,
        575
      ],
      [
        -74.28435516357422,
        39.90898132324219,
        550
      ],
      [
        -74.28399658203125,
        39.90989685058594,
        525
      ],
      [
        -74.28382110595703,
        39.91072082519531,
        500
      ],
      [
        -74.28376007080078,
        39.91127014160156,
        500
      ],
      [
        -74.28387451171875,
        39.911773681640625,
        475
      ],
      [
        -74.28399658203125,
        39.91227722167969,
        450
      ],
      [
        -74.2841796875,
        39.912689208984375,
        450
      ],
      [
        -74.28453826904297,
        39.913238525390625,
        450
      ],
      [
        -74.28497314453125,
        39.91374969482422,
        425
      ],
      [
        -74.285400390625,
        39.91416931152344,
        400
      ],
      [
        -74.28607177734375,
        39.91468048095703,
        400
      ],
      [
        -74.287109375,
        39.91533279418945,
        350
      ],
      [
        -74.28961181640625,
        39.916866302490234,
        300
      ],
      [
        -74.29144287109375,
        39.91798400878906,
        225
      ],
      [
        -74.2941665649414,
        39.926273345947266,
        175
      ],
      [
        -74.29217529296875,
        39.927520751953125,
        250
      ],
      [
        -74.29029846191406,
        39.928646087646484,
        325
      ],
      [
        -74.2885513305664,
        39.92966842651367,
        350
      ],
      [
        -74.28656005859375,
        39.93077087402344,
        400
      ],
      [
        -74.28386688232422,
        39.932369232177734,
        500
      ],
      [
        -74.28174591064453,
        39.933719635009766,
        600
      ],
      [
        -74.28062438964844,
        39.93446350097656,
        675
      ],
      [
        -74.2801513671875,
        39.934844970703125,
        675
      ],
      [
        -74.27996826171875,
        39.935028076171875,
        675
      ],
      [
        -74.27947998046875,
        39.935577392578125,
        700
      ],
      [
        -74.279296875,
        39.93585205078125,
        700
      ],
      [
        -74.27881622314453,
        39.937164306640625,
        725
      ],
      [
        -74.27875518798828,
        39.93781661987305,
        750
      ],
      [
        -74.27887725830078,
        39.93888854980469,
        800
      ],
      [
        -74.27899932861328,
        39.93925857543945,
        825
      ],
      [
        -74.27923583984375,
        39.939788818359375,
        850
      ],
      [
        -74.27984619140625,
        39.94102478027344,
        875
      ],
      [
        -74.2802734375,
        39.94175720214844,
        925
      ],
      [
        -74.28118896484375,
        39.94303894042969,
        975
      ],
      [
        -74.2823486328125,
        39.944366455078125,
        1000
      ],
      [
        -74.28314208984375,
        39.94505310058594,
        1025
      ],
      [
        -74.28387451171875,
        39.94560241699219,
        1050
      ],
      [
        -74.28474426269531,
        39.94601058959961,
        1075
      ],
      [
        -74.2858657836914,
        39.94643020629883,
        1100
      ],
      [
        -74.287109375,
        39.946746826171875,
        1100
      ],
      [
        -74.28814697265625,
        39.946929931640625,
        1100
      ],
      [
        -74.2896728515625,
        39.9470329284668,
        1125
      ],
      [
        -74.291015625,
        39.947021484375,
        1150
      ],
      [
        -74.29204559326172,
        39.946895599365234,
        1175
      ],
      [
        -74.29296875,
        39.94670104980469,
        1175
      ],
      [
        -74.29447937011719,
        39.9462890625,
        1200
      ],
      [
        -74.29541015625,
        39.9459228515625,
        1200
      ],
      [
        -74.29571533203125,
        39.945831298828125,
        1175
      ],
      [
        -74.2982177734375,
        39.94482421875,
        1200
      ],
      [
        -74.30059814453125,
        39.9437255859375,
        1175
      ],
      [
        -74.3031005859375,
        39.94248962402344,
        1150
      ],
      [
        -74.30511474609375,
        39.941253662109375,
        1150
      ],
      [
        -74.31015014648438,
        39.938140869140625,
        1125
      ],
      [
        -74.3133544921875,
        39.936126708984375,
        1075
      ],
      [
        -74.31682586669922,
        39.93404769897461,
        1000
      ],
      [
        -74.32025146484375,
        39.93196105957031,
        900
      ],
      [
        -74.32220458984375,
        39.93067932128906,
        850
      ],
      [
        -74.3233642578125,
        39.92985534667969,
        850
      ],
      [
        -74.32400512695312,
        39.92925262451172,
        825
      ],
      [
        -74.32463073730469,
        39.92855453491211,
        825
      ],
      [
        -74.32500457763672,
        39.927947998046875,
        800
      ],
      [
        -74.32537841796875,
        39.92706298828125,
        800
      ],
      [
        -74.32569122314453,
        39.92608642578125,
        775
      ],
      [
        -74.32575225830078,
        39.92543411254883,
        775
      ],
      [
        -74.32563018798828,
        39.92399215698242,
        725
      ],
      [
        -74.325439453125,
        39.923126220703125,
        700
      ],
      [
        -74.32513427734375,
        39.92240905761719,
        700
      ],
      [
        -74.32452392578125,
        39.92129135131836,
        700
      ],
      [
        -74.32379150390625,
        39.920265197753906,
        650
      ],
      [
        -74.32280731201172,
        39.91923522949219,
        650
      ],
      [
        -74.32183837890625,
        39.918312072753906,
        650
      ],
      [
        -74.3206558227539,
        39.917449951171875,
        600
      ],
      [
        -74.31982421875,
        39.91694641113281,
        575
      ],
      [
        -74.31880950927734,
        39.91648864746094,
        550
      ],
      [
        -74.31785583496094,
        39.916168212890625,
        525
      ],
      [
        -74.31629943847656,
        39.91571044921875,
        500
      ],
      [
        -74.3152847290039,
        39.91552734375,
        475
      ],
      [
        -74.31396484375,
        39.91537857055664,
        450
      ],
      [
        -74.31295776367188,
        39.915435791015625,
        425
      ],
      [
        -74.3121337890625,
        39.91551971435547,
        400
      ],
      [
        -74.31086730957031,
        39.915802001953125,
        375
      ],
      [
        -74.31036376953125,
        39.915985107421875,
        350
      ],
      [
        -74.30963134765625,
        39.91635513305664,
        325
      ],
      [
        -74.308837890625,
        39.91682052612305,
        300
      ],
      [
        -74.30734252929688,
        39.91777038574219,
        250
      ],
      [
        -74.30352020263672,
        39.9202880859375,
        175
      ],
      [
        -74.30286407470703,
        39.92070007324219,
        150
      ],
      [
        -74.2932357788086,
        39.92683029174805,
        225
      ],
      [
        -74.28992462158203,
        39.92878341674805,
        300
      ],
      [
        -74.28729248046875,
        39.93049621582031,
        375
      ],
      [
        -74.28580474853516,
        39.931392669677734,
        425
      ],
      [
        -74.28424072265625,
        39.93223571777344,
        525
      ],
      [
        -74.281982421875,
        39.9334716796875,
        625
      ],
      [
        -74.28094482421875,
        39.93415832519531,
        700
      ],
      [
        -74.2801513671875,
        39.93475341796875,
        725
      ],
      [
        -74.2796859741211,
        39.935211181640625,
        725
      ],
      [
        -74.2791748046875,
        39.935943603515625,
        725
      ],
      [
        -74.27880859375,
        39.936676025390625,
        725
      ],
      [
        -74.278564453125,
        39.93749237060547,
        750
      ],
      [
        -74.278564453125,
        39.93804931640625,
        775
      ],
      [
        -74.27862548828125,
        39.93878173828125,
        775
      ],
      [
        -74.27899932861328,
        39.93986511230469,
        850
      ],
      [
        -74.27943420410156,
        39.940704345703125,
        875
      ],
      [
        -74.28005981445312,
        39.941585540771484,
        925
      ],
      [
        -74.28070068359375,
        39.94239807128906,
        975
      ],
      [
        -74.2822265625,
        39.944183349609375,
        1025
      ],
      [
        -74.28302001953125,
        39.944915771484375,
        1075
      ],
      [
        -74.28375244140625,
        39.945465087890625,
        1075
      ],
      [
        -74.28460693359375,
        39.94587707519531,
        1100
      ],
      [
        -74.28564453125,
        39.94624328613281,
        1100
      ],
      [
        -74.28661346435547,
        39.94643020629883,
        1100
      ],
      [
        -74.287353515625,
        39.94647216796875,
        1100
      ],
      [
        -74.28851318359375,
        39.94647216796875,
        1100
      ],
      [
        -74.289794921875,
        39.94633483886719,
        1100
      ],
      [
        -74.29098510742188,
        39.9460563659668,
        1125
      ],
      [
        -74.29290771484375,
        39.94541931152344,
        1125
      ],
      [
        -74.294921875,
        39.94468688964844,
        1125
      ],
      [
        -74.29741668701172,
        39.94358825683594,
        1125
      ],
      [
        -74.30028533935547,
        39.94214630126953,
        1200
      ],
      [
        -74.30259704589844,
        39.940887451171875,
        1225
      ],
      [
        -74.307373046875,
        39.93800354003906,
        1225
      ],
      [
        -74.3096923828125,
        39.93663024902344,
        1225
      ],
      [
        -74.31133270263672,
        39.935768127441406,
        1225
      ],
      [
        -74.31353759765625,
        39.93461608886719,
        1250
      ],
      [
        -74.31610107421875,
        39.933197021484375,
        1275
      ],
      [
        -74.3187255859375,
        39.93177795410156,
        1175
      ],
      [
        -74.3207015991211,
        39.93074035644531,
        1075
      ],
      [
        -74.32194519042969,
        39.9300422668457,
        1025
      ],
      [
        -74.32293701171875,
        39.92921447753906,
        975
      ],
      [
        -74.3232421875,
        39.92889404296875,
        950
      ],
      [
        -74.32382202148438,
        39.92803955078125,
        925
      ],
      [
        -74.32403564453125,
        39.92747497558594,
        900
      ],
      [
        -74.3241958618164,
        39.926876068115234,
        900
      ],
      [
        -74.3241958618164,
        39.926456451416016,
        900
      ],
      [
        -74.32413482666016,
        39.925621032714844,
        875
      ],
      [
        -74.32391357421875,
        39.924774169921875,
        875
      ],
      [
        -74.32357025146484,
        39.924129486083984,
        850
      ],
      [
        -74.32294464111328,
        39.923152923583984,
        825
      ],
      [
        -74.3223876953125,
        39.922576904296875,
        800
      ],
      [
        -74.3214111328125,
        39.921756744384766,
        775
      ],
      [
        -74.3197021484375,
        39.92045211791992,
        700
      ],
      [
        -74.317138671875,
        39.918731689453125,
        625
      ],
      [
        -74.31546020507812,
        39.917724609375,
        550
      ],
      [
        -74.31451416015625,
        39.91728591918945,
        525
      ],
      [
        -74.31355285644531,
        39.91694641113281,
        525
      ],
      [
        -74.31268310546875,
        39.91677474975586,
        500
      ],
      [
        -74.31146240234375,
        39.91672897338867,
        450
      ],
      [
        -74.3101806640625,
        39.91682052612305,
        400
      ],
      [
        -74.30937194824219,
        39.9169921875,
        375
      ],
      [
        -74.30853271484375,
        39.917240142822266,
        350
      ],
      [
        -74.307373046875,
        39.9178466796875,
        300
      ],
      [
        -74.3069839477539,
        39.91804504394531,
        300
      ],
      [
        -74.30554962158203,
        39.91900634765625,
        250
      ],
      [
        -74.30352783203125,
        39.92031478881836,
        175
      ],
      [
        -74.30284881591797,
        39.924781799316406,
        250
      ],
      [
        -74.3052978515625,
        39.92619323730469,
        350
      ],
      [
        -74.30671691894531,
        39.926971435546875,
        375
      ],
      [
        -74.30915069580078,
        39.928321838378906,
        400
      ],
      [
        -74.31158447265625,
        39.9298095703125,
        450
      ],
      [
        -74.31292724609375,
        39.93058776855469,
        475
      ],
      [
        -74.31378173828125,
        39.930999755859375,
        550
      ],
      [
        -74.31458282470703,
        39.931251525878906,
        575
      ],
      [
        -74.31576538085938,
        39.93148422241211,
        600
      ],
      [
        -74.3173828125,
        39.931732177734375,
        625
      ],
      [
        -74.31820678710938,
        39.931766510009766,
        675
      ],
      [
        -74.319091796875,
        39.931732177734375,
        725
      ],
      [
        -74.32025146484375,
        39.93159484863281,
        775
      ],
      [
        -74.32086181640625,
        39.93145751953125,
        800
      ],
      [
        -74.32225799560547,
        39.9310188293457,
        825
      ],
      [
        -74.3233871459961,
        39.93050765991211,
        850
      ],
      [
        -74.32427978515625,
        39.92999267578125,
        850
      ],
      [
        -74.32469177246094,
        39.929622650146484,
        850
      ],
      [
        -74.32525634765625,
        39.92915725708008,
        850
      ],
      [
        -74.326171875,
        39.92820739746094,
        875
      ],
      [
        -74.32756805419922,
        39.926597595214844,
        950
      ],
      [
        -74.32831573486328,
        39.9255256652832,
        975
      ],
      [
        -74.32875061035156,
        39.9245491027832,
        1025
      ],
      [
        -74.3289794921875,
        39.92376708984375,
        1025
      ],
      [
        -74.3291015625,
        39.9228515625,
        1075
      ],
      [
        -74.3290786743164,
        39.922210693359375,
        1100
      ],
      [
        -74.32889556884766,
        39.92152404785156,
        1125
      ],
      [
        -74.32859802246094,
        39.92070007324219,
        1125
      ],
      [
        -74.32823944091797,
        39.91996765136719,
        1125
      ],
      [
        -74.32746887207031,
        39.91896057128906,
        1150
      ],
      [
        -74.3267822265625,
        39.91817092895508,
        1150
      ],
      [
        -74.32550048828125,
        39.91691589355469,
        1125
      ],
      [
        -74.32382202148438,
        39.91548156738281,
        1100
      ],
      [
        -74.321533203125,
        39.913795471191406,
        1000
      ],
      [
        -74.3182144165039,
        39.91127014160156,
        925
      ],
      [
        -74.31236267089844,
        39.90705871582031,
        975
      ],
      [
        -74.30859375,
        39.904624938964844,
        925
      ],
      [
        -74.30706787109375,
        39.90369415283203,
        925
      ],
      [
        -74.30585479736328,
        39.903167724609375,
        900
      ],
      [
        -74.30465698242188,
        39.90275573730469,
        875
      ],
      [
        -74.3035888671875,
        39.902530670166016,
        850
      ],
      [
        -74.30230712890625,
        39.90238952636719,
        825
      ],
      [
        -74.30108642578125,
        39.90238952636719,
        800
      ],
      [
        -74.29974365234375,
        39.90248489379883,
        750
      ],
      [
        -74.29737091064453,
        39.902801513671875,
        725
      ],
      [
        -74.29473876953125,
        39.903133392333984,
        725
      ],
      [
        -74.29339599609375,
        39.90318298339844,
        750
      ],
      [
        -74.2921142578125,
        39.903133392333984,
        800
      ],
      [
        -74.29134368896484,
        39.90303039550781,
        825
      ],
      [
        -74.29010009765625,
        39.902671813964844,
        850
      ],
      [
        -74.28924560546875,
        39.90229797363281,
        875
      ],
      [
        -74.28841400146484,
        39.90184020996094,
        875
      ],
      [
        -74.28753662109375,
        39.90122604370117,
        900
      ],
      [
        -74.2864990234375,
        39.90024948120117,
        900
      ],
      [
        -74.2856674194336,
        39.89927673339844,
        900
      ],
      [
        -74.28519439697266,
        39.89849853515625,
        925
      ],
      [
        -74.2847900390625,
        39.89754867553711,
        975
      ],
      [
        -74.28447723388672,
        39.896392822265625,
        1000
      ],
      [
        -74.28436279296875,
        39.895362854003906,
        1050
      ],
      [
        -74.28441619873047,
        39.89451599121094,
        1050
      ],
      [
        -74.2845458984375,
        39.89377975463867,
        1075
      ],
      [
        -74.2847900390625,
        39.89289474487305,
        1100
      ],
      [
        -74.2851333618164,
        39.892181396484375,
        1100
      ],
      [
        -74.2855224609375,
        39.89163589477539,
        1100
      ],
      [
        -74.28602600097656,
        39.89112854003906,
        1100
      ],
      [
        -74.28668212890625,
        39.89057922363281,
        1100
      ],
      [
        -74.28746032714844,
        39.89012145996094,
        1125
      ],
      [
        -74.2885971069336,
        39.88966369628906,
        1175
      ],
      [
        -74.28931427001953,
        39.88948059082031,
        1175
      ],
      [
        -74.29044342041016,
        39.88929748535156,
        1225
      ],
      [
        -74.2912826538086,
        39.889251708984375,
        1225
      ],
      [
        -74.29241943359375,
        39.88938903808594,
        1250
      ],
      [
        -74.2928466796875,
        39.889495849609375,
        1225
      ],
      [
        -74.29327392578125,
        39.88963317871094,
        1250
      ],
      [
        -74.29379272460938,
        39.889892578125,
        1250
      ],
      [
        -74.29432678222656,
        39.8902587890625,
        1250
      ],
      [
        -74.29468536376953,
        39.89067077636719,
        1250
      ],
      [
        -74.29498291015625,
        39.89107894897461,
        1250
      ],
      [
        -74.29522705078125,
        39.89168167114258,
        1225
      ],
      [
        -74.2952880859375,
        39.89215087890625,
        1225
      ],
      [
        -74.2952880859375,
        39.89261245727539,
        1225
      ],
      [
        -74.29521942138672,
        39.893280029296875,
        1225
      ],
      [
        -74.29486846923828,
        39.89410400390625,
        1225
      ],
      [
        -74.29450988769531,
        39.89460754394531,
        1225
      ],
      [
        -74.2940673828125,
        39.89517593383789,
        1175
      ],
      [
        -74.29327392578125,
        39.89591979980469,
        1150
      ],
      [
        -74.29217529296875,
        39.89689636230469,
        1125
      ],
      [
        -74.2900390625,
        39.89857482910156,
        1025
      ],
      [
        -74.28823852539062,
        39.90000915527344,
        925
      ],
      [
        -74.28638458251953,
        39.90138244628906,
        825
      ],
      [
        -74.28411865234375,
        39.903133392333984,
        725
      ],
      [
        -74.28265380859375,
        39.90439224243164,
        700
      ],
      [
        -74.28190612792969,
        39.90522766113281,
        675
      ],
      [
        -74.28160858154297,
        39.905731201171875,
        650
      ],
      [
        -74.2813720703125,
        39.90629959106445,
        650
      ],
      [
        -74.28118896484375,
        39.90692138671875,
        625
      ],
      [
        -74.28113555908203,
        39.907745361328125,
        625
      ],
      [
        -74.28118896484375,
        39.90843200683594,
        600
      ],
      [
        -74.2813720703125,
        39.90923309326172,
        575
      ],
      [
        -74.28167724609375,
        39.91020965576172,
        525
      ],
      [
        -74.28202819824219,
        39.91094970703125,
        500
      ],
      [
        -74.2824478149414,
        39.911590576171875,
        475
      ],
      [
        -74.2828598022461,
        39.912139892578125,
        450
      ],
      [
        -74.28375244140625,
        39.91295623779297,
        425
      ],
      [
        -74.28429412841797,
        39.91346740722656,
        425
      ],
      [
        -74.28519439697266,
        39.914154052734375,
        375
      ],
      [
        -74.28692626953125,
        39.91523742675781,
        325
      ],
      [
        -74.2896728515625,
        39.91694641113281,
        275
      ],
      [
        -74.29086303710938,
        39.917633056640625,
        250
      ],
      [
        -74.30247497558594,
        39.92473602294922,
        225
      ],
      [
        -74.30419921875,
        39.92582702636719,
        325
      ],
      [
        -74.3051528930664,
        39.92636489868164,
        350
      ],
      [
        -74.30718994140625,
        39.92747497558594,
        425
      ],
      [
        -74.30846405029297,
        39.92818069458008,
        425
      ],
      [
        -74.30977630615234,
        39.92887878417969,
        475
      ],
      [
        -74.31077575683594,
        39.92938995361328,
        500
      ],
      [
        -74.31353759765625,
        39.93095397949219,
        600
      ],
      [
        -74.31452178955078,
        39.93134689331055,
        650
      ],
      [
        -74.31536865234375,
        39.931640625,
        675
      ],
      [
        -74.31634521484375,
        39.93182373046875,
        725
      ],
      [
        -74.31720733642578,
        39.93190383911133,
        725
      ],
      [
        -74.318115234375,
        39.93186950683594,
        750
      ],
      [
        -74.31895446777344,
        39.93181228637695,
        750
      ],
      [
        -74.31976318359375,
        39.93159484863281,
        775
      ],
      [
        -74.32061767578125,
        39.931365966796875,
        825
      ],
      [
        -74.3216552734375,
        39.930908203125,
        850
      ],
      [
        -74.32270050048828,
        39.930320739746094,
        875
      ],
      [
        -74.32330322265625,
        39.92985534667969,
        900
      ],
      [
        -74.32476806640625,
        39.92866516113281,
        950
      ],
      [
        -74.32574462890625,
        39.92779541015625,
        975
      ],
      [
        -74.32647705078125,
        39.926788330078125,
        1025
      ],
      [
        -74.326904296875,
        39.926055908203125,
        1075
      ],
      [
        -74.3272705078125,
        39.925048828125,
        1100
      ],
      [
        -74.32737731933594,
        39.92427062988281,
        1125
      ],
      [
        -74.32731628417969,
        39.923431396484375,
        1150
      ],
      [
        -74.3271255493164,
        39.92259216308594,
        1175
      ],
      [
        -74.3267822265625,
        39.921756744384766,
        1200
      ],
      [
        -74.3262710571289,
        39.92088317871094,
        1225
      ],
      [
        -74.32549285888672,
        39.91987609863281,
        1250
      ],
      [
        -74.32453918457031,
        39.91886901855469,
        1225
      ],
      [
        -74.32342529296875,
        39.91780090332031,
        1200
      ],
      [
        -74.32006072998047,
        39.91502380371094,
        1150
      ],
      [
        -74.31534576416016,
        39.911224365234375,
        1150
      ],
      [
        -74.31241607666016,
        39.908935546875,
        1150
      ],
      [
        -74.3105697631836,
        39.907470703125,
        1200
      ],
      [
        -74.3069839477539,
        39.9049072265625,
        1200
      ],
      [
        -74.30376434326172,
        39.902801513671875,
        1125
      ],
      [
        -74.3026123046875,
        39.9021110534668,
        1100
      ],
      [
        -74.30178833007812,
        39.90179443359375,
        1075
      ],
      [
        -74.30077362060547,
        39.901519775390625,
        1050
      ],
      [
        -74.30011749267578,
        39.90142822265625,
        1050
      ],
      [
        -74.29928588867188,
        39.901336669921875,
        1050
      ],
      [
        -74.29838562011719,
        39.90138244628906,
        1000
      ],
      [
        -74.29743194580078,
        39.901519775390625,
        1000
      ],
      [
        -74.29656982421875,
        39.90178680419922,
        950
      ],
      [
        -74.29571533203125,
        39.902156829833984,
        950
      ],
      [
        -74.294921875,
        39.90262222290039,
        950
      ],
      [
        -74.29400634765625,
        39.9033203125,
        925
      ],
      [
        -74.29301452636719,
        39.90422058105469,
        875
      ],
      [
        -74.29144287109375,
        39.90583419799805,
        800
      ],
      [
        -74.2896728515625,
        39.9078369140625,
        725
      ],
      [
        -74.2880859375,
        39.909698486328125,
        650
      ],
      [
        -74.28728485107422,
        39.91072082519531,
        550
      ],
      [
        -74.28692626953125,
        39.91131591796875,
        525
      ],
      [
        -74.28668212890625,
        39.912071228027344,
        500
      ],
      [
        -74.28662872314453,
        39.91273498535156,
        450
      ],
      [
        -74.28662872314453,
        39.91337585449219,
        450
      ],
      [
        -74.28680419921875,
        39.91401672363281,
        400
      ],
      [
        -74.28704833984375,
        39.91458511352539,
        400
      ],
      [
        -74.287353515625,
        39.91514587402344,
        375
      ],
      [
        -74.2877197265625,
        39.91551971435547,
        375
      ],
      [
        -74.28817749023438,
        39.915985107421875,
        350
      ],
      [
        -74.28871154785156,
        39.916351318359375,
        325
      ],
      [
        -74.2904052734375,
        39.917335510253906,
        275
      ],
      [
        -74.2907485961914,
        39.91754150390625,
        250
      ],
      [
        -74.30265808105469,
        39.924781799316406,
        175
      ],
      [
        -74.3043441772461,
        39.925804138183594,
        275
      ],
      [
        -74.30743408203125,
        39.927703857421875,
        350
      ],
      [
        -74.3096923828125,
        39.92893981933594,
        425
      ],
      [
        -74.3109130859375,
        39.92958068847656,
        450
      ],
      [
        -74.312744140625,
        39.93031311035156,
        550
      ],
      [
        -74.31370544433594,
        39.930599212646484,
        575
      ],
      [
        -74.3143310546875,
        39.93074035644531,
        600
      ],
      [
        -74.31514739990234,
        39.93083572387695,
        625
      ],
      [
        -74.31597900390625,
        39.93086242675781,
        675
      ],
      [
        -74.31645202636719,
        39.93083572387695,
        675
      ],
      [
        -74.31745147705078,
        39.930694580078125,
        700
      ],
      [
        -74.31829833984375,
        39.93049621582031,
        725
      ],
      [
        -74.31907653808594,
        39.93022918701172,
        750
      ],
      [
        -74.31988525390625,
        39.92985534667969,
        775
      ],
      [
        -74.32076263427734,
        39.92938995361328,
        800
      ],
      [
        -74.32177734375,
        39.9287109375,
        800
      ],
      [
        -74.32282257080078,
        39.92780685424805,
        800
      ],
      [
        -74.32437896728516,
        39.926456451416016,
        850
      ],
      [
        -74.3248291015625,
        39.92591857910156,
        850
      ],
      [
        -74.3253173828125,
        39.925201416015625,
        875
      ],
      [
        -74.3255615234375,
        39.92445373535156,
        875
      ],
      [
        -74.32568359375,
        39.923858642578125,
        900
      ],
      [
        -74.32568359375,
        39.92308044433594,
        925
      ],
      [
        -74.32549285888672,
        39.92225646972656,
        925
      ],
      [
        -74.3251953125,
        39.921478271484375,
        950
      ],
      [
        -74.32472229003906,
        39.92047119140625,
        975
      ],
      [
        -74.32391357421875,
        39.91924285888672,
        1000
      ],
      [
        -74.3221435546875,
        39.916866302490234,
        1050
      ],
      [
        -74.32113647460938,
        39.91566467285156,
        1100
      ],
      [
        -74.31964111328125,
        39.91429138183594,
        1100
      ],
      [
        -74.3175048828125,
        39.912445068359375,
        1125
      ],
      [
        -74.31591796875,
        39.91128158569336,
        1150
      ],
      [
        -74.31396484375,
        39.90993118286133,
        1125
      ],
      [
        -74.31146240234375,
        39.908294677734375,
        1050
      ],
      [
        -74.31038665771484,
        39.90765380859375,
        1025
      ],
      [
        -74.30925750732422,
        39.90724182128906,
        1000
      ],
      [
        -74.30816650390625,
        39.906951904296875,
        950
      ],
      [
        -74.30694580078125,
        39.90676498413086,
        925
      ],
      [
        -74.30572509765625,
        39.906673431396484,
        875
      ],
      [
        -74.30450439453125,
        39.906673431396484,
        875
      ],
      [
        -74.30358123779297,
        39.90678405761719,
        825
      ],
      [
        -74.30233001708984,
        39.907012939453125,
        800
      ],
      [
        -74.30133056640625,
        39.907371520996094,
        750
      ],
      [
        -74.3006591796875,
        39.907649993896484,
        750
      ],
      [
        -74.2999267578125,
        39.90811538696289,
        725
      ],
      [
        -74.299072265625,
        39.908721923828125,
        675
      ],
      [
        -74.29791259765625,
        39.909759521484375,
        650
      ],
      [
        -74.2959976196289,
        39.91172790527344,
        550
      ],
      [
        -74.29461669921875,
        39.913238525390625,
        525
      ],
      [
        -74.29367065429688,
        39.914520263671875,
        450
      ],
      [
        -74.29327392578125,
        39.915283203125,
        425
      ],
      [
        -74.2930908203125,
        39.91607666015625,
        400
      ],
      [
        -74.29295349121094,
        39.916717529296875,
        375
      ],
      [
        -74.29302978515625,
        39.91747283935547,
        325
      ],
      [
        -74.2931900024414,
        39.91813659667969,
        300
      ],
      [
        -74.29400634765625,
        39.91938018798828,
        250
      ],
      [
        -74.30228424072266,
        39.9245491027832,
        225
      ],
      [
        -74.30440521240234,
        39.925804138183594,
        325
      ],
      [
        -74.30671691894531,
        39.927154541015625,
        425
      ],
      [
        -74.30902862548828,
        39.9286003112793,
        450
      ],
      [
        -74.31072998046875,
        39.929718017578125,
        550
      ],
      [
        -74.3132095336914,
        39.93134689331055,
        650
      ],
      [
        -74.31389617919922,
        39.93185806274414,
        650
      ],
      [
        -74.31451416015625,
        39.93241882324219,
        600
      ],
      [
        -74.31476593017578,
        39.93288040161133,
        550
      ],
      [
        -74.3148193359375,
        39.93315124511719,
        550
      ],
      [
        -74.31483459472656,
        39.93353271484375,
        500
      ],
      [
        -74.31475830078125,
        39.933929443359375,
        450
      ],
      [
        -74.3145751953125,
        39.93434143066406,
        425
      ],
      [
        -74.314208984375,
        39.93488311767578,
        375
      ],
      [
        -74.313720703125,
        39.935211181640625,
        350
      ],
      [
        -74.3133544921875,
        39.93548583984375,
        350
      ],
      [
        -74.31268310546875,
        39.93585205078125,
        325
      ],
      [
        -74.311767578125,
        39.93617248535156,
        350
      ],
      [
        -74.31089782714844,
        39.93632888793945,
        350
      ],
      [
        -74.3099365234375,
        39.9364013671875,
        350
      ],
      [
        -74.30908203125,
        39.936309814453125,
        350
      ],
      [
        -74.306884765625,
        39.93548583984375,
        400
      ],
      [
        -74.30622100830078,
        39.93502426147461,
        425
      ],
      [
        -74.30565643310547,
        39.93460464477539,
        450
      ],
      [
        -74.3048095703125,
        39.933746337890625,
        525
      ],
      [
        -74.30390930175781,
        39.932743072509766,
        575
      ],
      [
        -74.30316162109375,
        39.931766510009766,
        625
      ],
      [
        -74.30271911621094,
        39.93106460571289,
        650
      ],
      [
        -74.30242919921875,
        39.93031311035156,
        650
      ],
      [
        -74.30224609375,
        39.92962646484375,
        675
      ],
      [
        -74.30224609375,
        39.92884826660156,
        700
      ],
      [
        -74.3023681640625,
        39.92811584472656,
        725
      ],
      [
        -74.30267333984375,
        39.927154541015625,
        750
      ],
      [
        -74.30303955078125,
        39.92655944824219,
        775
      ],
      [
        -74.30440521240234,
        39.92431640625,
        850
      ],
      [
        -74.30534362792969,
        39.922733306884766,
        875
      ],
      [
        -74.305419921875,
        39.922576904296875,
        875
      ],
      [
        -74.30560302734375,
        39.92198944091797,
        900
      ],
      [
        -74.30567169189453,
        39.92115783691406,
        900
      ],
      [
        -74.30560302734375,
        39.92054748535156,
        900
      ],
      [
        -74.30535888671875,
        39.91975402832031,
        925
      ],
      [
        -74.30487060546875,
        39.918495178222656,
        975
      ],
      [
        -74.30406188964844,
        39.9166259765625,
        1050
      ],
      [
        -74.30322265625,
        39.91520690917969,
        1100
      ],
      [
        -74.3023681640625,
        39.914119720458984,
        1125
      ],
      [
        -74.30077362060547,
        39.91218566894531,
        1075
      ],
      [
        -74.2999267578125,
        39.911373138427734,
        1050
      ],
      [
        -74.2988052368164,
        39.910491943359375,
        1025
      ],
      [
        -74.29808807373047,
        39.90998840332031,
        1050
      ],
      [
        -74.2974853515625,
        39.90965270996094,
        1025
      ],
      [
        -74.29725646972656,
        39.909576416015625,
        1025
      ],
      [
        -74.296630859375,
        39.90937423706055,
        1025
      ],
      [
        -74.2958984375,
        39.90923309326172,
        1025
      ],
      [
        -74.2952880859375,
        39.90918731689453,
        1000
      ],
      [
        -74.29461669921875,
        39.90923309326172,
        975
      ],
      [
        -74.2939682006836,
        39.90934753417969,
        975
      ],
      [
        -74.29325103759766,
        39.909576416015625,
        975
      ],
      [
        -74.29247283935547,
        39.90989685058594,
        925
      ],
      [
        -74.2918701171875,
        39.91025924682617,
        900
      ],
      [
        -74.29145812988281,
        39.91058349609375,
        850
      ],
      [
        -74.29119873046875,
        39.91086196899414,
        850
      ],
      [
        -74.29071044921875,
        39.91156005859375,
        775
      ],
      [
        -74.29032897949219,
        39.91227722167969,
        725
      ],
      [
        -74.2900390625,
        39.91318893432617,
        675
      ],
      [
        -74.28984832763672,
        39.91401672363281,
        600
      ],
      [
        -74.28985595703125,
        39.91416931152344,
        600
      ],
      [
        -74.28984832763672,
        39.914886474609375,
        550
      ],
      [
        -74.28997039794922,
        39.91552734375,
        500
      ],
      [
        -74.29014587402344,
        39.91603088378906,
        475
      ],
      [
        -74.29046630859375,
        39.916587829589844,
        450
      ],
      [
        -74.29098510742188,
        39.91722106933594,
        400
      ],
      [
        -74.29151916503906,
        39.917724609375,
        375
      ],
      [
        -74.29180908203125,
        39.91798400878906,
        350
      ],
      [
        -74.30290985107422,
        39.924922943115234,
        200
      ],
      [
        -74.30609130859375,
        39.92674255371094,
        300
      ],
      [
        -74.30809020996094,
        39.927947998046875,
        375
      ],
      [
        -74.31060791015625,
        39.929443359375,
        450
      ],
      [
        -74.31292724609375,
        39.93072509765625,
        525
      ],
      [
        -74.31364440917969,
        39.9310188293457,
        550
      ],
      [
        -74.31488037109375,
        39.93141174316406,
        575
      ],
      [
        -74.31576538085938,
        39.93162536621094,
        600
      ],
      [
        -74.316650390625,
        39.93168640136719,
        600
      ],
      [
        -74.3177490234375,
        39.93168640136719,
        650
      ],
      [
        -74.3184814453125,
        39.93159484863281,
        650
      ],
      [
        -74.31945037841797,
        39.93143844604492,
        700
      ],
      [
        -74.32032775878906,
        39.93115997314453,
        725
      ],
      [
        -74.3216323852539,
        39.93064880371094,
        750
      ],
      [
        -74.32270050048828,
        39.93013381958008,
        775
      ],
      [
        -74.32366943359375,
        39.929534912109375,
        775
      ],
      [
        -74.32469177246094,
        39.92869186401367,
        775
      ],
      [
        -74.3251953125,
        39.92818069458008,
        775
      ],
      [
        -74.32562255859375,
        39.927520751953125,
        800
      ],
      [
        -74.32574462890625,
        39.92710876464844,
        825
      ],
      [
        -74.32586669921875,
        39.92665100097656,
        825
      ],
      [
        -74.325927734375,
        39.92582702636719,
        850
      ],
      [
        -74.32586669921875,
        39.92518615722656,
        875
      ],
      [
        -74.32562255859375,
        39.92427062988281,
        875
      ],
      [
        -74.3251953125,
        39.92329025268555,
        925
      ],
      [
        -74.32452392578125,
        39.92226791381836,
        975
      ],
      [
        -74.32354736328125,
        39.92119598388672,
        1000
      ],
      [
        -74.32286834716797,
        39.92047119140625,
        1025
      ],
      [
        -74.32149505615234,
        39.91937255859375,
        1075
      ],
      [
        -74.3201904296875,
        39.918495178222656,
        1075
      ],
      [
        -74.316162109375,
        39.91584396362305,
        1150
      ],
      [
        -74.3125,
        39.913238525390625,
        1150
      ],
      [
        -74.31211853027344,
        39.9129638671875,
        1150
      ],
      [
        -74.31194305419922,
        39.912872314453125,
        1150
      ],
      [
        -74.30997467041016,
        39.911590576171875,
        1150
      ],
      [
        -74.30828857421875,
        39.91053771972656,
        1100
      ],
      [
        -74.30812072753906,
        39.910400390625,
        1100
      ],
      [
        -74.3048324584961,
        39.90838623046875,
        1000
      ],
      [
        -74.30209350585938,
        39.90669250488281,
        900
      ],
      [
        -74.30084228515625,
        39.90611267089844,
        850
      ],
      [
        -74.29975891113281,
        39.90577697753906,
        825
      ],
      [
        -74.29925537109375,
        39.905696868896484,
        825
      ],
      [
        -74.29814910888672,
        39.90559387207031,
        800
      ],
      [
        -74.29701232910156,
        39.9056396484375,
        775
      ],
      [
        -74.29629516601562,
        39.90577697753906,
        750
      ],
      [
        -74.29546356201172,
        39.906005859375,
        725
      ],
      [
        -74.29456329345703,
        39.90632629394531,
        700
      ],
      [
        -74.29337310791016,
        39.90692138671875,
        700
      ],
      [
        -74.29265594482422,
        39.90742492675781,
        675
      ],
      [
        -74.29180908203125,
        39.90816116333008,
        650
      ],
      [
        -74.29095458984375,
        39.909095764160156,
        625
      ],
      [
        -74.2900390625,
        39.91030502319336,
        600
      ],
      [
        -74.289306640625,
        39.91156005859375,
        575
      ],
      [
        -74.28883361816406,
        39.91264343261719,
        525
      ],
      [
        -74.28863525390625,
        39.91318893432617,
        525
      ],
      [
        -74.28857421875,
        39.91389083862305,
        500
      ],
      [
        -74.28857421875,
        39.914493560791016,
        475
      ],
      [
        -74.28871154785156,
        39.91511535644531,
        450
      ],
      [
        -74.28887939453125,
        39.915565490722656,
        450
      ],
      [
        -74.28919219970703,
        39.916168212890625,
        400
      ],
      [
        -74.29022216796875,
        39.917240142822266,
        325
      ],
      [
        -74.290771484375,
        39.9176139831543,
        325
      ],
      [
        -74.29206085205078,
        39.918365478515625,
        275
      ],
      [
        -74.30228424072266,
        39.9245491027832,
        225
      ],
      [
        -74.30540466308594,
        39.9265022277832,
        300
      ],
      [
        -74.30677795410156,
        39.92734146118164,
        375
      ],
      [
        -74.30877685546875,
        39.92857360839844,
        475
      ],
      [
        -74.31177520751953,
        39.93046188354492,
        575
      ],
      [
        -74.31289672851562,
        39.9310188293457,
        650
      ],
      [
        -74.3134765625,
        39.93122863769531,
        675
      ],
      [
        -74.31439208984375,
        39.93141174316406,
        700
      ],
      [
        -74.31526947021484,
        39.93153381347656,
        725
      ],
      [
        -74.31620788574219,
        39.93148422241211,
        775
      ],
      [
        -74.31683349609375,
        39.93141174316406,
        775
      ],
      [
        -74.31776428222656,
        39.93115997314453,
        825
      ],
      [
        -74.31842041015625,
        39.93086242675781,
        850
      ],
      [
        -74.31951904296875,
        39.93031311035156,
        875
      ],
      [
        -74.32061767578125,
        39.92958068847656,
        875
      ],
      [
        -74.3213882446289,
        39.92897033691406,
        900
      ],
      [
        -74.32182312011719,
        39.92855453491211,
        925
      ],
      [
        -74.322509765625,
        39.9276237487793,
        950
      ],
      [
        -74.32275390625,
        39.927154541015625,
        950
      ],
      [
        -74.32307434082031,
        39.92641067504883,
        950
      ],
      [
        -74.32325744628906,
        39.92538833618164,
        975
      ],
      [
        -74.3232421875,
        39.924224853515625,
        1000
      ],
      [
        -74.3231201171875,
        39.92353820800781,
        1025
      ],
      [
        -74.32257080078125,
        39.921897888183594,
        1050
      ],
      [
        -74.32209014892578,
        39.920928955078125,
        1050
      ],
      [
        -74.3214111328125,
        39.91989517211914,
        1025
      ],
      [
        -74.3206787109375,
        39.91886901855469,
        1025
      ],
      [
        -74.31946563720703,
        39.91749572753906,
        1000
      ],
      [
        -74.31749725341797,
        39.915618896484375,
        1000
      ],
      [
        -74.31600189208984,
        39.914154052734375,
        1000
      ],
      [
        -74.31494140625,
        39.913143157958984,
        1025
      ],
      [
        -74.31280517578125,
        39.91128158569336,
        1000
      ],
      [
        -74.310791015625,
        39.90974426269531,
        1000
      ],
      [
        -74.30644989013672,
        39.906829833984375,
        1050
      ],
      [
        -74.30501556396484,
        39.90586853027344,
        1075
      ],
      [
        -74.3048095703125,
        39.905696868896484,
        1100
      ],
      [
        -74.30083465576172,
        39.90312194824219,
        1125
      ],
      [
        -74.30059814453125,
        39.90293884277344,
        1125
      ],
      [
        -74.2969970703125,
        39.90066909790039,
        1050
      ],
      [
        -74.29570007324219,
        39.90000915527344,
        1025
      ],
      [
        -74.29456329345703,
        39.89955139160156,
        1025
      ],
      [
        -74.29364013671875,
        39.89931869506836,
        1000
      ],
      [
        -74.2928466796875,
        39.89922332763672,
        1000
      ],
      [
        -74.2923583984375,
        39.89917755126953,
        1000
      ],
      [
        -74.2913818359375,
        39.89922332763672,
        975
      ],
      [
        -74.29046630859375,
        39.899410247802734,
        950
      ],
      [
        -74.28955078125,
        39.899688720703125,
        925
      ],
      [
        -74.28865814208984,
        39.900054931640625,
        925
      ],
      [
        -74.28746032714844,
        39.900604248046875,
        875
      ],
      [
        -74.2869873046875,
        39.90085220336914,
        850
      ],
      [
        -74.28602600097656,
        39.901519775390625,
        825
      ],
      [
        -74.28471374511719,
        39.90257263183594,
        800
      ],
      [
        -74.28387451171875,
        39.903350830078125,
        750
      ],
      [
        -74.28369140625,
        39.90346145629883,
        750
      ],
      [
        -74.28271484375,
        39.90443801879883,
        700
      ],
      [
        -74.28208923339844,
        39.9052734375,
        675
      ],
      [
        -74.281982421875,
        39.90541458129883,
        675
      ],
      [
        -74.28190612792969,
        39.90559387207031,
        675
      ],
      [
        -74.2813720703125,
        39.906646728515625,
        650
      ],
      [
        -74.28118896484375,
        39.907325744628906,
        650
      ],
      [
        -74.28106689453125,
        39.90825653076172,
        650
      ],
      [
        -74.2811279296875,
        39.9090461730957,
        625
      ],
      [
        -74.28125,
        39.90946578979492,
        600
      ],
      [
        -74.28131103515625,
        39.909698486328125,
        625
      ],
      [
        -74.2816162109375,
        39.91053771972656,
        575
      ],
      [
        -74.28208923339844,
        39.91154479980469,
        550
      ],
      [
        -74.28256225585938,
        39.91218566894531,
        525
      ],
      [
        -74.28314208984375,
        39.912818908691406,
        525
      ],
      [
        -74.2838134765625,
        39.91337585449219,
        500
      ],
      [
        -74.28459167480469,
        39.91392517089844,
        475
      ],
      [
        -74.28619384765625,
        39.91482162475586,
        400
      ],
      [
        -74.28814697265625,
        39.915985107421875,
        350
      ],
      [
        -74.2890625,
        39.916587829589844,
        300
      ],
      [
        -74.2891845703125,
        39.91663360595703,
        300
      ],
      [
        -74.2906494140625,
        39.917518615722656,
        250
      ],
      [
        -74.30267333984375,
        39.92481994628906,
        200
      ],
      [
        -74.30462646484375,
        39.92596435546875,
        300
      ],
      [
        -74.3065185546875,
        39.927154541015625,
        400
      ],
      [
        -74.3078384399414,
        39.92780685424805,
        425
      ],
      [
        -74.31072998046875,
        39.929168701171875,
        500
      ],
      [
        -74.31277465820312,
        39.93008804321289,
        575
      ],
      [
        -74.31427001953125,
        39.930633544921875,
        575
      ],
      [
        -74.31526947021484,
        39.93083572387695,
        625
      ],
      [
        -74.31591796875,
        39.930908203125,
        625
      ],
      [
        -74.31652069091797,
        39.93092727661133,
        625
      ],
      [
        -74.31726837158203,
        39.93083572387695,
        675
      ],
      [
        -74.31795501708984,
        39.93074035644531,
        700
      ],
      [
        -74.31876373291016,
        39.93050765991211,
        725
      ],
      [
        -74.31951141357422,
        39.93018341064453,
        750
      ],
      [
        -74.32037353515625,
        39.929718017578125,
        750
      ],
      [
        -74.3209457397461,
        39.929298400878906,
        775
      ],
      [
        -74.32159423828125,
        39.9287109375,
        775
      ],
      [
        -74.32213592529297,
        39.92808532714844,
        775
      ],
      [
        -74.322509765625,
        39.92747497558594,
        800
      ],
      [
        -74.32275390625,
        39.92692565917969,
        800
      ],
      [
        -74.32293701171875,
        39.9261474609375,
        800
      ],
      [
        -74.32294464111328,
        39.92538833618164,
        825
      ],
      [
        -74.3228759765625,
        39.924774169921875,
        825
      ],
      [
        -74.32270050048828,
        39.92417526245117,
        825
      ],
      [
        -74.32225799560547,
        39.92319869995117,
        850
      ],
      [
        -74.32171630859375,
        39.92226791381836,
        875
      ],
      [
        -74.3207778930664,
        39.92106628417969,
        875
      ],
      [
        -74.31988525390625,
        39.92017364501953,
        925
      ],
      [
        -74.3160629272461,
        39.916717529296875,
        975
      ],
      [
        -74.31349182128906,
        39.914520263671875,
        1025
      ],
      [
        -74.30985260009766,
        39.91163635253906,
        1050
      ],
      [
        -74.30799865722656,
        39.91026306152344,
        1025
      ],
      [
        -74.30413818359375,
        39.907325744628906,
        975
      ],
      [
        -74.30137634277344,
        39.90541076660156,
        925
      ],
      [
        -74.29988098144531,
        39.90449523925781,
        875
      ],
      [
        -74.29898834228516,
        39.90403747558594,
        875
      ],
      [
        -74.29808807373047,
        39.90380859375,
        875
      ],
      [
        -74.29736328125,
        39.90369415283203,
        850
      ],
      [
        -74.296630859375,
        39.903648376464844,
        825
      ],
      [
        -74.29618072509766,
        39.90367126464844,
        825
      ],
      [
        -74.29534149169922,
        39.90380859375,
        800
      ],
      [
        -74.29449462890625,
        39.9040641784668,
        775
      ],
      [
        -74.29360961914062,
        39.904449462890625,
        775
      ],
      [
        -74.29241943359375,
        39.90509033203125,
        725
      ],
      [
        -74.29083251953125,
        39.90602111816406,
        675
      ],
      [
        -74.28901672363281,
        39.90724182128906,
        600
      ],
      [
        -74.28775787353516,
        39.908203125,
        525
      ],
      [
        -74.2867431640625,
        39.90918731689453,
        475
      ],
      [
        -74.28632354736328,
        39.909759521484375,
        450
      ],
      [
        -74.28596496582031,
        39.910400390625,
        425
      ],
      [
        -74.28572845458984,
        39.911041259765625,
        425
      ],
      [
        -74.28560638427734,
        39.91172790527344,
        425
      ],
      [
        -74.28564453125,
        39.912353515625,
        400
      ],
      [
        -74.2856674194336,
        39.912506103515625,
        400
      ],
      [
        -74.28564453125,
        39.91263198852539,
        400
      ],
      [
        -74.28585052490234,
        39.91328430175781,
        400
      ],
      [
        -74.28596496582031,
        39.91365051269531,
        375
      ],
      [
        -74.28662872314453,
        39.91456604003906,
        350
      ],
      [
        -74.286865234375,
        39.91486740112305,
        350
      ],
      [
        -74.2876968383789,
        39.915618896484375,
        325
      ],
      [
        -74.2884750366211,
        39.916168212890625,
        300
      ],
      [
        -74.29032897949219,
        39.91731262207031,
        275
      ],
      [
        -74.3026123046875,
        39.924774169921875,
        225
      ],
      [
        -74.30553436279297,
        39.926597595214844,
        325
      ],
      [
        -74.30834197998047,
        39.928321838378906,
        425
      ],
      [
        -74.31097412109375,
        39.92985534667969,
        525
      ],
      [
        -74.3132095336914,
        39.931114196777344,
        600
      ],
      [
        -74.31396484375,
        39.93145751953125,
        650
      ],
      [
        -74.31464385986328,
        39.931671142578125,
        675
      ],
      [
        -74.3153305053711,
        39.931766510009766,
        700
      ],
      [
        -74.3158950805664,
        39.93181228637695,
        725
      ],
      [
        -74.31658935546875,
        39.93182373046875,
        750
      ],
      [
        -74.31732940673828,
        39.93171691894531,
        775
      ],
      [
        -74.3184814453125,
        39.93145751953125,
        800
      ],
      [
        -74.3193359375,
        39.931182861328125,
        825
      ],
      [
        -74.32032775878906,
        39.930694580078125,
        850
      ],
      [
        -74.32125854492188,
        39.93013381958008,
        900
      ],
      [
        -74.32208251953125,
        39.929534912109375,
        925
      ],
      [
        -74.32330322265625,
        39.92848205566406,
        950
      ],
      [
        -74.3236312866211,
        39.92818069458008,
        950
      ],
      [
        -74.32376098632812,
        39.92803955078125,
        950
      ],
      [
        -74.32440185546875,
        39.92738342285156,
        1000
      ],
      [
        -74.32494354248047,
        39.92668914794922,
        1050
      ],
      [
        -74.3253173828125,
        39.92594528198242,
        1075
      ],
      [
        -74.32562255859375,
        39.925323486328125,
        1075
      ],
      [
        -74.32575225830078,
        39.924922943115234,
        1075
      ],
      [
        -74.3258056640625,
        39.92472839355469,
        1075
      ],
      [
        -74.32586669921875,
        39.92390441894531,
        1100
      ],
      [
        -74.3258056640625,
        39.9232177734375,
        1100
      ],
      [
        -74.32550048828125,
        39.92222213745117,
        1100
      ],
      [
        -74.32513427734375,
        39.92143249511719,
        1125
      ],
      [
        -74.32452392578125,
        39.92049789428711,
        1125
      ],
      [
        -74.32379150390625,
        39.91952133178711,
        1125
      ],
      [
        -74.32257080078125,
        39.91817092895508,
        1125
      ],
      [
        -74.3211669921875,
        39.91691589355469,
        1125
      ],
      [
        -74.31732177734375,
        39.91347122192383,
        1050
      ],
      [
        -74.31283569335938,
        39.909576416015625,
        1000
      ],
      [
        -74.31097412109375,
        39.90797805786133,
        1050
      ],
      [
        -74.31080627441406,
        39.9078369140625,
        1050
      ],
      [
        -74.30859375,
        39.90616226196289,
        1050
      ],
      [
        -74.3082275390625,
        39.9058837890625,
        1050
      ],
      [
        -74.30609130859375,
        39.904266357421875,
        1000
      ],
      [
        -74.305908203125,
        39.90415954589844,
        975
      ],
      [
        -74.30465698242188,
        39.903350830078125,
        950
      ],
      [
        -74.30358123779297,
        39.902801513671875,
        925
      ],
      [
        -74.3018798828125,
        39.90234375,
        875
      ],
      [
        -74.30083465576172,
        39.902252197265625,
        825
      ]
    ]
  }
}